name,id,lv,power,need_build,need_technology,food,wood,stone,iron,time,des,function_name,function_num,buff_id,name_en,des_en,function_name_en
{采集技巧},1011,1,7,1,0,100,100,100,0,60,{主城所有资源产量}_+1%,{主城所有资源产量},0.01,1,Gathering Technique,City All Resource Output_+1%,City All Resource Output
{采集技巧},1011,2,23,1,0,200,200,200,0,180,{主城所有资源产量}_+2%,{主城所有资源产量},0.02,1,Gathering Technique,City All Resource Output_+2%,City All Resource Output
{采集技巧},1011,3,57,1,0,400,400,400,0,300,{主城所有资源产量}_+3%,{主城所有资源产量},0.03,1,Gathering Technique,City All Resource Output_+3%,City All Resource Output
{采集技巧},1011,4,135,1,0,800,800,800,0,600,{主城所有资源产量}_+4%,{主城所有资源产量},0.04,1,Gathering Technique,City All Resource Output_+4%,City All Resource Output
{采集技巧},1011,5,288,1,0,1600,1600,1600,0,900,{主城所有资源产量}_+5%,{主城所有资源产量},0.05,1,Gathering Technique,City All Resource Output_+5%,City All Resource Output
{耕作技巧},1021,1,14,1,1011_1,400,400,400,0,60,{主城农场产量}_+2%,{主城农场产量},0.02,2,Farming Technique,City Farm Output_+2%,City Farm Output
{耕作技巧},1021,2,47,2,0,800,800,800,0,180,{主城农场产量}_+4%,{主城农场产量},0.04,2,Farming Technique,City Farm Output_+4%,City Farm Output
{耕作技巧},1021,3,115,3,0,1600,1600,1600,0,300,{主城农场产量}_+6%,{主城农场产量},0.06,2,Farming Technique,City Farm Output_+6%,City Farm Output
{耕作技巧},1021,4,266,4,0,3200,3200,3200,0,600,{主城农场产量}_+8%,{主城农场产量},0.08,2,Farming Technique,City Farm Output_+8%,City Farm Output
{耕作技巧},1021,5,567,5,0,6400,6400,6400,0,900,{主城农场产量}_+10%,{主城农场产量},0.1,2,Farming Technique,City Farm Output_+10%,City Farm Output
{栽植技巧},1022,1,14,1,1011_1,400,400,400,0,60,{主城伐木场产量}_+2%,{主城伐木场产量},0.02,3,Planting Technique,City Sawmill Output_+2%,City Sawmill Output
{栽植技巧},1022,2,47,2,0,800,800,800,0,180,{主城伐木场产量}_+4%,{主城伐木场产量},0.04,3,Planting Technique,City Sawmill Output_+4%,City Sawmill Output
{栽植技巧},1022,3,115,3,0,1600,1600,1600,0,300,{主城伐木场产量}_+6%,{主城伐木场产量},0.06,3,Planting Technique,City Sawmill Output_+6%,City Sawmill Output
{栽植技巧},1022,4,266,4,0,3200,3200,3200,0,600,{主城伐木场产量}_+8%,{主城伐木场产量},0.08,3,Planting Technique,City Sawmill Output_+8%,City Sawmill Output
{栽植技巧},1022,5,567,5,0,6400,6400,6400,0,900,{主城伐木场产量}_+10%,{主城伐木场产量},0.1,3,Planting Technique,City Sawmill Output_+10%,City Sawmill Output
{粮食收割},1031,1,53,5,1021_1,1000,1000,1000,0,90,{大世界农场产量}_+2%,{大世界农场产量},0.02,7,Food Harvest,Great World Farm Output_+2%,Great World Farm Output
{粮食收割},1031,2,160,6,0,2000,2000,2000,0,240,{大世界农场产量}_+4%,{大世界农场产量},0.04,7,Food Harvest,Great World Farm Output_+4%,Great World Farm Output
{粮食收割},1031,3,375,7,0,4000,4000,4000,0,300,{大世界农场产量}_+6%,{大世界农场产量},0.06,7,Food Harvest,Great World Farm Output_+6%,Great World Farm Output
{粮食收割},1031,4,803,8,0,8000,8000,8000,0,720,{大世界农场产量}_+8%,{大世界农场产量},0.08,7,Food Harvest,Great World Farm Output_+8%,Great World Farm Output
{粮食收割},1031,5,1660,9,0,16000,16000,16000,0,1080,{大世界农场产量}_+10%,{大世界农场产量},0.1,7,Food Harvest,Great World Farm Output_+10%,Great World Farm Output
{建筑技巧},1032,1,89,5,1021_1+1022_1,1000,1000,1000,0,90,{建造速度}_+1%,{建造速度},0.01,11,Building Technique,Build Spd_+1%,Build Spd
{建筑技巧},1032,2,224,6,0,2000,2000,2000,0,240,{建造速度}_+2%,{建造速度},0.02,11,Building Technique,Build Spd_+2%,Build Spd
{建筑技巧},1032,3,423,7,0,4000,4000,4000,0,300,{建造速度}_+4%,{建造速度},0.04,11,Building Technique,Build Spd_+4%,Build Spd
{建筑技巧},1032,4,713,8,0,8000,8000,8000,0,720,{建造速度}_+6%,{建造速度},0.06,11,Building Technique,Build Spd_+6%,Build Spd
{建筑技巧},1032,5,1309,9,0,16000,16000,16000,0,1080,{建造速度}_+10%,{建造速度},0.1,11,Building Technique,Build Spd_+10%,Build Spd
{木材砍伐},1033,1,53,5,1022_1,1000,1000,1000,0,90,{大世界伐木场产量}_+2%,{大世界伐木场产量},0.02,8,Wood Felling,Great World Sawmill Output_+2%,Great World Sawmill Output
{木材砍伐},1033,2,160,6,0,2000,2000,2000,0,240,{大世界伐木场产量}_+4%,{大世界伐木场产量},0.04,8,Wood Felling,Great World Sawmill Output_+4%,Great World Sawmill Output
{木材砍伐},1033,3,375,7,0,4000,4000,4000,0,300,{大世界伐木场产量}_+6%,{大世界伐木场产量},0.06,8,Wood Felling,Great World Sawmill Output_+6%,Great World Sawmill Output
{木材砍伐},1033,4,803,8,0,8000,8000,8000,0,720,{大世界伐木场产量}_+8%,{大世界伐木场产量},0.08,8,Wood Felling,Great World Sawmill Output_+8%,Great World Sawmill Output
{木材砍伐},1033,5,1660,9,0,16000,16000,16000,0,1080,{大世界伐木场产量}_+10%,{大世界伐木场产量},0.1,8,Wood Felling,Great World Sawmill Output_+10%,Great World Sawmill Output
{采集强化},1041,1,112,10,1032_1,2000,2000,2000,0,120,{大世界所有资源产量}_+1%,{大世界所有资源产量},0.01,6,Enhanced Gathering,Great World All Resource Output_+1%,Great World All Resource Output
{采集强化},1041,2,284,10,0,4000,4000,4000,0,300,{大世界所有资源产量}_+2%,{大世界所有资源产量},0.02,6,Enhanced Gathering,Great World All Resource Output_+2%,Great World All Resource Output
{采集强化},1041,3,537,10,0,8000,8000,8000,0,720,{大世界所有资源产量}_+3%,{大世界所有资源产量},0.03,6,Enhanced Gathering,Great World All Resource Output_+3%,Great World All Resource Output
{采集强化},1041,4,904,10,0,16000,16000,16000,0,900,{大世界所有资源产量}_+4%,{大世界所有资源产量},0.04,6,Enhanced Gathering,Great World All Resource Output_+4%,Great World All Resource Output
{采集强化},1041,5,1660,10,0,32000,32000,32000,0,1200,{大世界所有资源产量}_+5%,{大世界所有资源产量},0.05,6,Enhanced Gathering,Great World All Resource Output_+5%,Great World All Resource Output
{开采技巧},1051,1,135,10,1041_1,3000,3000,3000,1500,3600,{主城采石场产量}_+2%,{主城采石场产量},0.02,4,Mining Technique,City Quarry Production_+2%,City Quarry Production
{开采技巧},1051,2,383,10,0,6000,6000,6000,3000,5400,{主城采石场产量}_+4%,{主城采石场产量},0.04,4,Mining Technique,City Quarry Production_+4%,City Quarry Production
{开采技巧},1051,3,828,11,0,12000,12000,12000,6000,7200,{主城采石场产量}_+6%,{主城采石场产量},0.06,4,Mining Technique,City Quarry Production_+6%,City Quarry Production
{开采技巧},1051,4,1721,12,0,24000,24000,24000,12000,14400,{主城采石场产量}_+8%,{主城采石场产量},0.08,4,Mining Technique,City Quarry Production_+8%,City Quarry Production
{开采技巧},1051,5,3518,13,0,48000,48000,48000,24000,28800,{主城采石场产量}_+10%,{主城采石场产量},0.1,4,Mining Technique,City Quarry Production_+10%,City Quarry Production
{科研},1052,1,241,10,1041_1,5000,5000,5000,2500,3600,{研究速度}_+1%,{研究速度},0.01,12,Research,Research Spd_+1%,Research Spd
{科研},1052,2,728,10,0,10000,10000,10000,5000,7200,{研究速度}_+2%,{研究速度},0.02,12,Research,Research Spd_+2%,Research Spd
{科研},1052,3,1694,11,0,20000,20000,20000,10000,14400,{研究速度}_+4%,{研究速度},0.04,12,Research,Research Spd_+4%,Research Spd
{科研},1052,4,3619,12,0,40000,40000,40000,20000,28800,{研究速度}_+6%,{研究速度},0.06,12,Research,Research Spd_+6%,Research Spd
{科研},1052,5,7481,13,0,80000,80000,80000,40000,57600,{研究速度}_+10%,{研究速度},0.1,12,Research,Research Spd_+10%,Research Spd
{采矿技巧},1053,1,135,10,1041_1,3000,3000,3000,1500,3600,{主城铁矿场产量}_+2%,{主城铁矿场产量},0.02,5,Quarrying Technique,City Ironminee Output_+2%,City Ironminee Output
{采矿技巧},1053,2,383,10,0,6000,6000,6000,3000,5400,{主城铁矿场产量}_+4%,{主城铁矿场产量},0.04,5,Quarrying Technique,City Ironminee Output_+4%,City Ironminee Output
{采矿技巧},1053,3,828,11,0,12000,12000,12000,6000,7200,{主城铁矿场产量}_+6%,{主城铁矿场产量},0.06,5,Quarrying Technique,City Ironminee Output_+6%,City Ironminee Output
{采矿技巧},1053,4,1721,12,0,24000,24000,24000,12000,14400,{主城铁矿场产量}_+8%,{主城铁矿场产量},0.08,5,Quarrying Technique,City Ironminee Output_+8%,City Ironminee Output
{采矿技巧},1053,5,3518,13,0,48000,48000,48000,24000,28800,{主城铁矿场产量}_+10%,{主城铁矿场产量},0.1,5,Quarrying Technique,City Ironminee Output_+10%,City Ironminee Output
{石料甄别},1061,1,194,12,1051_1,5000,5000,5000,2500,3600,{大世界采石场产量}_+2%,{大世界采石场产量},0.02,9,Stone Screening,Great World Quarry Output_+2%,Great World Quarry Output
{石料甄别},1061,2,555,12,0,10000,10000,10000,5000,5400,{大世界采石场产量}_+4%,{大世界采石场产量},0.04,9,Stone Screening,Great World Quarry Output_+4%,Great World Quarry Output
{石料甄别},1061,3,1242,13,0,20000,20000,20000,10000,7200,{大世界采石场产量}_+6%,{大世界采石场产量},0.06,9,Stone Screening,Great World Quarry Output_+6%,Great World Quarry Output
{石料甄别},1061,4,2606,14,0,40000,40000,40000,20000,14400,{大世界采石场产量}_+8%,{大世界采石场产量},0.08,9,Stone Screening,Great World Quarry Output_+8%,Great World Quarry Output
{石料甄别},1061,5,5307,15,0,80000,80000,80000,40000,28800,{大世界采石场产量}_+10%,{大世界采石场产量},0.1,9,Stone Screening,Great World Quarry Output_+10%,Great World Quarry Output
{地仓扩建},1062,1,164,12,1052_1,5000,5000,5000,2500,3600,{仓库} {最大存储量}_+10%,{仓库} {最大存储量},0.1,104,Storehouse Expansion,Storehouse Max Storage Capacity_+10%,Storehouse Max Storage Capacity
{地仓扩建},1062,2,494,12,0,10000,10000,10000,5000,7200,{仓库} {最大存储量}_+20%,{仓库} {最大存储量},0.2,104,Storehouse Expansion,Storehouse Max Storage Capacity_+20%,Storehouse Max Storage Capacity
{地仓扩建},1062,3,1153,13,0,20000,20000,20000,10000,14400,{仓库} {最大存储量}_+40%,{仓库} {最大存储量},0.4,104,Storehouse Expansion,Storehouse Max Storage Capacity_+40%,Storehouse Max Storage Capacity
{地仓扩建},1062,4,2482,14,0,40000,40000,40000,20000,28800,{仓库} {最大存储量}_+70%,{仓库} {最大存储量},0.7,104,Storehouse Expansion,Storehouse Max Storage Capacity_+70%,Storehouse Max Storage Capacity
{地仓扩建},1062,5,5089,15,0,80000,80000,80000,40000,57600,{仓库} {最大存储量}_+100%,{仓库} {最大存储量},1,104,Storehouse Expansion,Storehouse Max Storage Capacity_+100%,Storehouse Max Storage Capacity
{铁矿勘察},1063,1,194,12,1053_1,5000,5000,5000,2500,3600,{大世界铁矿场产量}_+2%,{大世界铁矿场产量},0.02,10,Iron Ore Survey,Great World Ironmine Output_+2%,Great World Ironmine Output
{铁矿勘察},1063,2,555,12,0,10000,10000,10000,5000,5400,{大世界铁矿场产量}_+4%,{大世界铁矿场产量},0.04,10,Iron Ore Survey,Great World Ironmine Output_+4%,Great World Ironmine Output
{铁矿勘察},1063,3,1242,13,0,20000,20000,20000,10000,7200,{大世界铁矿场产量}_+6%,{大世界铁矿场产量},0.06,10,Iron Ore Survey,Great World Ironmine Output_+6%,Great World Ironmine Output
{铁矿勘察},1063,4,2606,14,0,40000,40000,40000,20000,14400,{大世界铁矿场产量}_+8%,{大世界铁矿场产量},0.08,10,Iron Ore Survey,Great World Ironmine Output_+8%,Great World Ironmine Output
{铁矿勘察},1063,5,5307,15,0,80000,80000,80000,40000,28800,{大世界铁矿场产量}_+10%,{大世界铁矿场产量},0.1,10,Iron Ore Survey,Great World Ironmine Output_+10%,Great World Ironmine Output
{小型运输车},1071,1,222,13,1062_1,6000,6000,6000,3000,3600,{主城所有资源产量}_+1%,{主城所有资源产量},0.01,1,Transport Cart,City All Resource Output_+1%,City All Resource Output
{小型运输车},1071,2,668,13,0,12000,12000,12000,6000,7200,{主城所有资源产量}_+2%,{主城所有资源产量},0.02,1,Transport Cart,City All Resource Output_+2%,City All Resource Output
{小型运输车},1071,3,1559,14,0,24000,24000,24000,12000,14400,{主城所有资源产量}_+4%,{主城所有资源产量},0.04,1,Transport Cart,City All Resource Output_+4%,City All Resource Output
{小型运输车},1071,4,3332,14,0,48000,48000,48000,24000,28800,{主城所有资源产量}_+6%,{主城所有资源产量},0.06,1,Transport Cart,City All Resource Output_+6%,City All Resource Output
{小型运输车},1071,5,6941,15,0,96000,96000,96000,48000,57600,{主城所有资源产量}_+10%,{主城所有资源产量},0.1,1,Transport Cart,City All Resource Output_+10%,City All Resource Output
{浇灌},1081,1,677,16,1071_5,10000,10000,10000,5000,28800,{主城农场产量}_+2%,{主城农场产量},0.02,2,Irrigation,City Farm Output_+2%,City Farm Output
{浇灌},1081,2,1659,16,0,15000,15000,15000,7500,40320,{主城农场产量}_+4%,{主城农场产量},0.04,2,Irrigation,City Farm Output_+4%,City Farm Output
{浇灌},1081,3,3074,16,0,22500,22500,22500,11250,56460,{主城农场产量}_+6%,{主城农场产量},0.06,2,Irrigation,City Farm Output_+6%,City Farm Output
{浇灌},1081,4,5104,17,0,33800,33800,33800,16900,79020,{主城农场产量}_+8%,{主城农场产量},0.08,2,Irrigation,City Farm Output_+8%,City Farm Output
{浇灌},1081,5,8038,17,0,50700,50700,50700,25350,111600,{主城农场产量}_+10%,{主城农场产量},0.1,2,Irrigation,City Farm Output_+10%,City Farm Output
{浇灌},1081,6,12368,17,0,76100,76100,76100,38050,154800,{主城农场产量}_+12%,{主城农场产量},0.12,2,Irrigation,City Farm Output_+12%,City Farm Output
{浇灌},1081,7,18665,18,0,114000,114000,114000,57000,216000,{主城农场产量}_+16%,{主城农场产量},0.16,2,Irrigation,City Farm Output_+16%,City Farm Output
{浇灌},1081,8,27684,18,0,171000,171000,171000,85500,302400,{主城农场产量}_+20%,{主城农场产量},0.2,2,Irrigation,City Farm Output_+20%,City Farm Output
{浇灌},1081,9,40647,18,0,257000,257000,257000,128500,424800,{主城农场产量}_+24%,{主城农场产量},0.24,2,Irrigation,City Farm Output_+24%,City Farm Output
{浇灌},1081,10,60258,19,0,386000,386000,386000,193000,594000,{主城农场产量}_+30%,{主城农场产量},0.3,2,Irrigation,City Farm Output_+30%,City Farm Output
{施肥},1082,1,677,16,1071_5,10000,10000,10000,5000,28800,{主城伐木场产量}_+2%,{主城伐木场产量},0.02,3,Fertilization,City Sawmill Output_+2%,City Sawmill Output
{施肥},1082,2,1659,16,0,15000,15000,15000,7500,40320,{主城伐木场产量}_+4%,{主城伐木场产量},0.04,3,Fertilization,City Sawmill Output_+4%,City Sawmill Output
{施肥},1082,3,3074,16,0,22500,22500,22500,11250,56460,{主城伐木场产量}_+6%,{主城伐木场产量},0.06,3,Fertilization,City Sawmill Output_+6%,City Sawmill Output
{施肥},1082,4,5104,17,0,33800,33800,33800,16900,79020,{主城伐木场产量}_+8%,{主城伐木场产量},0.08,3,Fertilization,City Sawmill Output_+8%,City Sawmill Output
{施肥},1082,5,8038,17,0,50700,50700,50700,25350,111600,{主城伐木场产量}_+10%,{主城伐木场产量},0.1,3,Fertilization,City Sawmill Output_+10%,City Sawmill Output
{施肥},1082,6,12368,17,0,76100,76100,76100,38050,154800,{主城伐木场产量}_+12%,{主城伐木场产量},0.12,3,Fertilization,City Sawmill Output_+12%,City Sawmill Output
{施肥},1082,7,18665,18,0,114000,114000,114000,57000,216000,{主城伐木场产量}_+16%,{主城伐木场产量},0.16,3,Fertilization,City Sawmill Output_+16%,City Sawmill Output
{施肥},1082,8,27684,18,0,171000,171000,171000,85500,302400,{主城伐木场产量}_+20%,{主城伐木场产量},0.2,3,Fertilization,City Sawmill Output_+20%,City Sawmill Output
{施肥},1082,9,40647,18,0,257000,257000,257000,128500,424800,{主城伐木场产量}_+24%,{主城伐木场产量},0.24,3,Fertilization,City Sawmill Output_+24%,City Sawmill Output
{施肥},1082,10,60258,19,0,386000,386000,386000,193000,594000,{主城伐木场产量}_+30%,{主城伐木场产量},0.3,3,Fertilization,City Sawmill Output_+30%,City Sawmill Output
{割麦长镰},1091,1,1061,16,1081_5,20000,20000,20000,10000,36000,{大世界农场产量}_+2%,{大世界农场产量},0.02,7,Scythes,Great World Farm Output_+2%,Great World Farm Output
{割麦长镰},1091,2,2615,16,0,30000,30000,30000,15000,50400,{大世界农场产量}_+4%,{大世界农场产量},0.04,7,Scythes,Great World Farm Output_+4%,Great World Farm Output
{割麦长镰},1091,3,4874,16,0,45000,45000,45000,22500,70560,{大世界农场产量}_+6%,{大世界农场产量},0.06,7,Scythes,Great World Farm Output_+6%,Great World Farm Output
{割麦长镰},1091,4,8143,17,0,67500,67500,67500,33750,97200,{大世界农场产量}_+8%,{大世界农场产量},0.08,7,Scythes,Great World Farm Output_+8%,Great World Farm Output
{割麦长镰},1091,5,12939,17,0,101000,101000,101000,50500,136800,{大世界农场产量}_+10%,{大世界农场产量},0.1,7,Scythes,Great World Farm Output_+10%,Great World Farm Output
{割麦长镰},1091,6,19890,17,0,152000,152000,152000,76000,194400,{大世界农场产量}_+12%,{大世界农场产量},0.12,7,Scythes,Great World Farm Output_+12%,Great World Farm Output
{割麦长镰},1091,7,30270,18,0,228000,228000,228000,114000,270000,{大世界农场产量}_+16%,{大世界农场产量},0.16,7,Scythes,Great World Farm Output_+16%,Great World Farm Output
{割麦长镰},1091,8,45465,18,0,342000,342000,342000,171000,378000,{大世界农场产量}_+20%,{大世界农场产量},0.2,7,Scythes,Great World Farm Output_+20%,Great World Farm Output
{割麦长镰},1091,9,67010,18,0,513000,513000,513000,256500,532800,{大世界农场产量}_+24%,{大世界农场产量},0.24,7,Scythes,Great World Farm Output_+24%,Great World Farm Output
{割麦长镰},1091,10,99233,19,0,770000,770000,770000,385000,745200,{大世界农场产量}_+30%,{大世界农场产量},0.3,7,Scythes,Great World Farm Output_+30%,Great World Farm Output
{构建原理},1092,1,1303,16,1081_5+1082_5,25000,25000,25000,12500,43200,{建造速度}_+1%,{建造速度},0.01,11,Construction Principles,Build Spd_+1%,Build Spd
{构建原理},1092,2,3191,16,0,37500,37500,37500,18750,60480,{建造速度}_+2%,{建造速度},0.02,11,Construction Principles,Build Spd_+2%,Build Spd
{构建原理},1092,3,5960,16,0,56250,56250,56250,28125,84660,{建造速度}_+3%,{建造速度},0.03,11,Construction Principles,Build Spd_+3%,Build Spd
{构建原理},1092,4,10005,17,0,84500,84500,84500,42250,118800,{建造速度}_+4%,{建造速度},0.04,11,Construction Principles,Build Spd_+4%,Build Spd
{构建原理},1092,5,15877,17,0,127000,127000,127000,63500,165600,{建造速度}_+5%,{建造速度},0.05,11,Construction Principles,Build Spd_+5%,Build Spd
{构建原理},1092,6,24592,17,0,190000,190000,190000,95000,234000,{建造速度}_+6%,{建造速度},0.06,11,Construction Principles,Build Spd_+6%,Build Spd
{构建原理},1092,7,37150,18,0,285000,285000,285000,142500,324000,{建造速度}_+8%,{建造速度},0.08,11,Construction Principles,Build Spd_+8%,Build Spd
{构建原理},1092,8,55944,18,0,428000,428000,428000,214000,453600,{建造速度}_+10%,{建造速度},0.1,11,Construction Principles,Build Spd_+10%,Build Spd
{构建原理},1092,9,82669,18,0,642000,642000,642000,321000,637200,{建造速度}_+12%,{建造速度},0.12,11,Construction Principles,Build Spd_+12%,Build Spd
{构建原理},1092,10,123357,19,0,963000,963000,963000,481500,892800,{建造速度}_+15%,{建造速度},0.15,11,Construction Principles,Build Spd_+15%,Build Spd
{弯把锯},1093,1,1061,16,1082_5,20000,20000,20000,10000,36000,{大世界伐木场产量}_+2%,{大世界伐木场产量},0.02,8,Curved Saw,Great World Sawmill Output_+2%,Great World Sawmill Output
{弯把锯},1093,2,2615,16,0,30000,30000,30000,15000,50400,{大世界伐木场产量}_+4%,{大世界伐木场产量},0.04,8,Curved Saw,Great World Sawmill Output_+4%,Great World Sawmill Output
{弯把锯},1093,3,4874,16,0,45000,45000,45000,22500,70560,{大世界伐木场产量}_+6%,{大世界伐木场产量},0.06,8,Curved Saw,Great World Sawmill Output_+6%,Great World Sawmill Output
{弯把锯},1093,4,8143,17,0,67500,67500,67500,33750,97200,{大世界伐木场产量}_+8%,{大世界伐木场产量},0.08,8,Curved Saw,Great World Sawmill Output_+8%,Great World Sawmill Output
{弯把锯},1093,5,12939,17,0,101000,101000,101000,50500,136800,{大世界伐木场产量}_+10%,{大世界伐木场产量},0.1,8,Curved Saw,Great World Sawmill Output_+10%,Great World Sawmill Output
{弯把锯},1093,6,19890,17,0,152000,152000,152000,76000,194400,{大世界伐木场产量}_+12%,{大世界伐木场产量},0.12,8,Curved Saw,Great World Sawmill Output_+12%,Great World Sawmill Output
{弯把锯},1093,7,30270,18,0,228000,228000,228000,114000,270000,{大世界伐木场产量}_+16%,{大世界伐木场产量},0.16,8,Curved Saw,Great World Sawmill Output_+16%,Great World Sawmill Output
{弯把锯},1093,8,45465,18,0,342000,342000,342000,171000,378000,{大世界伐木场产量}_+20%,{大世界伐木场产量},0.2,8,Curved Saw,Great World Sawmill Output_+20%,Great World Sawmill Output
{弯把锯},1093,9,67010,18,0,513000,513000,513000,256500,532800,{大世界伐木场产量}_+24%,{大世界伐木场产量},0.24,8,Curved Saw,Great World Sawmill Output_+24%,Great World Sawmill Output
{弯把锯},1093,10,99233,19,0,770000,770000,770000,385000,745200,{大世界伐木场产量}_+30%,{大世界伐木场产量},0.3,8,Curved Saw,Great World Sawmill Output_+30%,Great World Sawmill Output
{进阶科研},1101,1,1308,18,1092_5,25000,25000,25000,12500,43200,{研究速度}_+1%,{研究速度},0.01,12,Advanced Research,Research Spd_+1%,Research Spd
{进阶科研},1101,2,3209,18,0,37500,37500,37500,18750,60480,{研究速度}_+2%,{研究速度},0.02,12,Advanced Research,Research Spd_+2%,Research Spd
{进阶科研},1101,3,6008,18,0,56250,56250,56250,28125,84660,{研究速度}_+3%,{研究速度},0.03,12,Advanced Research,Research Spd_+3%,Research Spd
{进阶科研},1101,4,10076,18,0,84500,84500,84500,42250,118800,{研究速度}_+4%,{研究速度},0.04,12,Advanced Research,Research Spd_+4%,Research Spd
{进阶科研},1101,5,15925,19,0,127000,127000,127000,63500,165600,{研究速度}_+5%,{研究速度},0.05,12,Advanced Research,Research Spd_+5%,Research Spd
{进阶科研},1101,6,24592,19,0,190000,190000,190000,95000,234000,{研究速度}_+6%,{研究速度},0.06,12,Advanced Research,Research Spd_+6%,Research Spd
{进阶科研},1101,7,37187,19,0,285000,285000,285000,142500,324000,{研究速度}_+8%,{研究速度},0.08,12,Advanced Research,Research Spd_+8%,Research Spd
{进阶科研},1101,8,55889,19,0,428000,428000,428000,214000,453600,{研究速度}_+10%,{研究速度},0.1,12,Advanced Research,Research Spd_+10%,Research Spd
{进阶科研},1101,9,82752,19,0,642000,642000,642000,321000,637200,{研究速度}_+12%,{研究速度},0.12,12,Advanced Research,Research Spd_+12%,Research Spd
{进阶科研},1101,10,123479,20,0,963000,963000,963000,481500,892800,{研究速度}_+15%,{研究速度},0.15,12,Advanced Research,Research Spd_+15%,Research Spd
{碎石加工},1111,1,1062,19,1101_5,20000,20000,20000,10000,36000,{主城采石场产量}_+2%,{主城采石场产量},0.02,4,Stone Processing,City Quarry Production_+2%,City Quarry Production
{碎石加工},1111,2,2618,19,0,30000,30000,30000,15000,50400,{主城采石场产量}_+4%,{主城采石场产量},0.04,4,Stone Processing,City Quarry Production_+4%,City Quarry Production
{碎石加工},1111,3,4868,19,0,45000,45000,45000,22500,70560,{主城采石场产量}_+6%,{主城采石场产量},0.06,4,Stone Processing,City Quarry Production_+6%,City Quarry Production
{碎石加工},1111,4,8168,19,0,67500,67500,67500,33750,97200,{主城采石场产量}_+8%,{主城采石场产量},0.08,4,Stone Processing,City Quarry Production_+8%,City Quarry Production
{碎石加工},1111,5,12951,20,0,101000,101000,101000,50500,136800,{主城采石场产量}_+10%,{主城采石场产量},0.1,4,Stone Processing,City Quarry Production_+10%,City Quarry Production
{碎石加工},1111,6,20050,20,0,152000,152000,152000,76000,194400,{主城采石场产量}_+12%,{主城采石场产量},0.12,4,Stone Processing,City Quarry Production_+12%,City Quarry Production
{碎石加工},1111,7,30331,20,0,228000,228000,228000,114000,270000,{主城采石场产量}_+16%,{主城采石场产量},0.16,4,Stone Processing,City Quarry Production_+16%,City Quarry Production
{碎石加工},1111,8,45511,20,0,342000,342000,342000,171000,378000,{主城采石场产量}_+20%,{主城采石场产量},0.2,4,Stone Processing,City Quarry Production_+20%,City Quarry Production
{碎石加工},1111,9,67144,20,0,513000,513000,513000,256500,532800,{主城采石场产量}_+24%,{主城采石场产量},0.24,4,Stone Processing,City Quarry Production_+24%,City Quarry Production
{碎石加工},1111,10,100031,21,0,770000,770000,770000,385000,745200,{主城采石场产量}_+30%,{主城采石场产量},0.3,4,Stone Processing,City Quarry Production_+30%,City Quarry Production
{铁矿精炼},1112,1,1062,19,1101_5,20000,20000,20000,10000,36000,{主城铁矿场产量}_+2%,{主城铁矿场产量},0.02,5,Iron Ore Refining,City Ironminee Output_+2%,City Ironminee Output
{铁矿精炼},1112,2,2618,19,0,30000,30000,30000,15000,50400,{主城铁矿场产量}_+4%,{主城铁矿场产量},0.04,5,Iron Ore Refining,City Ironminee Output_+4%,City Ironminee Output
{铁矿精炼},1112,3,4868,19,0,45000,45000,45000,22500,70560,{主城铁矿场产量}_+6%,{主城铁矿场产量},0.06,5,Iron Ore Refining,City Ironminee Output_+6%,City Ironminee Output
{铁矿精炼},1112,4,8168,19,0,67500,67500,67500,33750,97200,{主城铁矿场产量}_+8%,{主城铁矿场产量},0.08,5,Iron Ore Refining,City Ironminee Output_+8%,City Ironminee Output
{铁矿精炼},1112,5,12951,20,0,101000,101000,101000,50500,136800,{主城铁矿场产量}_+10%,{主城铁矿场产量},0.1,5,Iron Ore Refining,City Ironminee Output_+10%,City Ironminee Output
{铁矿精炼},1112,6,20050,20,0,152000,152000,152000,76000,194400,{主城铁矿场产量}_+12%,{主城铁矿场产量},0.12,5,Iron Ore Refining,City Ironminee Output_+12%,City Ironminee Output
{铁矿精炼},1112,7,30331,20,0,228000,228000,228000,114000,270000,{主城铁矿场产量}_+16%,{主城铁矿场产量},0.16,5,Iron Ore Refining,City Ironminee Output_+16%,City Ironminee Output
{铁矿精炼},1112,8,45511,20,0,342000,342000,342000,171000,378000,{主城铁矿场产量}_+20%,{主城铁矿场产量},0.2,5,Iron Ore Refining,City Ironminee Output_+20%,City Ironminee Output
{铁矿精炼},1112,9,67144,20,0,513000,513000,513000,256500,532800,{主城铁矿场产量}_+24%,{主城铁矿场产量},0.24,5,Iron Ore Refining,City Ironminee Output_+24%,City Ironminee Output
{铁矿精炼},1112,10,100031,21,0,770000,770000,770000,385000,745200,{主城铁矿场产量}_+30%,{主城铁矿场产量},0.3,5,Iron Ore Refining,City Ironminee Output_+30%,City Ironminee Output
{附魔铁锹},1121,1,1348,20,1111_5,30000,30000,30000,15000,36000,{大世界采石场产量}_+2%,{大世界采石场产量},0.02,9,Enchanting Shovel,Great World Quarry Output_+2%,Great World Quarry Output
{附魔铁锹},1121,2,3353,20,0,45000,45000,45000,22500,50400,{大世界采石场产量}_+4%,{大世界采石场产量},0.04,9,Enchanting Shovel,Great World Quarry Output_+4%,Great World Quarry Output
{附魔铁锹},1121,3,6270,20,0,67500,67500,67500,33750,70560,{大世界采石场产量}_+6%,{大世界采石场产量},0.06,9,Enchanting Shovel,Great World Quarry Output_+6%,Great World Quarry Output
{附魔铁锹},1121,4,10493,20,0,101000,101000,101000,50500,97200,{大世界采石场产量}_+8%,{大世界采石场产量},0.08,9,Enchanting Shovel,Great World Quarry Output_+8%,Great World Quarry Output
{附魔铁锹},1121,5,16772,21,0,152000,152000,152000,76000,136800,{大世界采石场产量}_+10%,{大世界采石场产量},0.1,9,Enchanting Shovel,Great World Quarry Output_+10%,Great World Quarry Output
{附魔铁锹},1121,6,26016,21,0,228000,228000,228000,114000,194400,{大世界采石场产量}_+12%,{大世界采石场产量},0.12,9,Enchanting Shovel,Great World Quarry Output_+12%,Great World Quarry Output
{附魔铁锹},1121,7,39523,21,0,342000,342000,342000,171000,270000,{大世界采石场产量}_+16%,{大世界采石场产量},0.16,9,Enchanting Shovel,Great World Quarry Output_+16%,Great World Quarry Output
{附魔铁锹},1121,8,59978,21,0,513000,513000,513000,256500,378000,{大世界采石场产量}_+20%,{大世界采石场产量},0.2,9,Enchanting Shovel,Great World Quarry Output_+20%,Great World Quarry Output
{附魔铁锹},1121,9,89499,21,0,770000,770000,770000,385000,532800,{大世界采石场产量}_+24%,{大世界采石场产量},0.24,9,Enchanting Shovel,Great World Quarry Output_+24%,Great World Quarry Output
{附魔铁锹},1121,10,132986,22,0,1150000,1150000,1150000,575000,745200,{大世界采石场产量}_+30%,{大世界采石场产量},0.3,9,Enchanting Shovel,Great World Quarry Output_+30%,Great World Quarry Output
{大型运输车},1122,1,1518,20,1111_5+1112_5,35000,35000,35000,17500,36000,{主城所有资源产量}_+1%,{主城所有资源产量},0.01,1,Transporter,City All Resource Output_+1%,City All Resource Output
{大型运输车},1122,2,3725,20,0,52500,52500,52500,26250,50400,{主城所有资源产量}_+2%,{主城所有资源产量},0.02,1,Transporter,City All Resource Output_+2%,City All Resource Output
{大型运输车},1122,3,6992,20,0,78000,78000,78000,39000,70560,{主城所有资源产量}_+3%,{主城所有资源产量},0.03,1,Transporter,City All Resource Output_+3%,City All Resource Output
{大型运输车},1122,4,11841,20,0,118000,118000,118000,59000,97200,{主城所有资源产量}_+4%,{主城所有资源产量},0.04,1,Transporter,City All Resource Output_+4%,City All Resource Output
{大型运输车},1122,5,18923,21,0,177000,177000,177000,88500,136800,{主城所有资源产量}_+5%,{主城所有资源产量},0.05,1,Transporter,City All Resource Output_+5%,City All Resource Output
{大型运输车},1122,6,29261,21,0,266000,266000,266000,133000,194400,{主城所有资源产量}_+6%,{主城所有资源产量},0.06,1,Transporter,City All Resource Output_+6%,City All Resource Output
{大型运输车},1122,7,44806,21,0,399000,399000,399000,199500,270000,{主城所有资源产量}_+8%,{主城所有资源产量},0.08,1,Transporter,City All Resource Output_+8%,City All Resource Output
{大型运输车},1122,8,67182,21,0,599000,599000,599000,299500,378000,{主城所有资源产量}_+10%,{主城所有资源产量},0.1,1,Transporter,City All Resource Output_+10%,City All Resource Output
{大型运输车},1122,9,100748,21,0,898000,898000,898000,449000,532800,{主城所有资源产量}_+12%,{主城所有资源产量},0.12,1,Transporter,City All Resource Output_+12%,City All Resource Output
{大型运输车},1122,10,151497,22,1111_10+1112_10,1350000,1350000,1350000,675000,745200,{主城所有资源产量}_+15%,{主城所有资源产量},0.15,1,Transporter,City All Resource Output_+15%,City All Resource Output
{附魔铁镐},1123,1,1348,20,1112_5,30000,30000,30000,15000,36000,{大世界铁矿场产量}_+2%,{大世界铁矿场产量},0.02,10,Enchanting Pickaxe,Great World Ironmine Output_+2%,Great World Ironmine Output
{附魔铁镐},1123,2,3353,20,0,45000,45000,45000,22500,50400,{大世界铁矿场产量}_+4%,{大世界铁矿场产量},0.04,10,Enchanting Pickaxe,Great World Ironmine Output_+4%,Great World Ironmine Output
{附魔铁镐},1123,3,6270,20,0,67500,67500,67500,33750,70560,{大世界铁矿场产量}_+6%,{大世界铁矿场产量},0.06,10,Enchanting Pickaxe,Great World Ironmine Output_+6%,Great World Ironmine Output
{附魔铁镐},1123,4,10493,20,0,101000,101000,101000,50500,97200,{大世界铁矿场产量}_+8%,{大世界铁矿场产量},0.08,10,Enchanting Pickaxe,Great World Ironmine Output_+8%,Great World Ironmine Output
{附魔铁镐},1123,5,16772,21,0,152000,152000,152000,76000,136800,{大世界铁矿场产量}_+10%,{大世界铁矿场产量},0.1,10,Enchanting Pickaxe,Great World Ironmine Output_+10%,Great World Ironmine Output
{附魔铁镐},1123,6,26016,21,0,228000,228000,228000,114000,194400,{大世界铁矿场产量}_+12%,{大世界铁矿场产量},0.12,10,Enchanting Pickaxe,Great World Ironmine Output_+12%,Great World Ironmine Output
{附魔铁镐},1123,7,39523,21,0,342000,342000,342000,171000,270000,{大世界铁矿场产量}_+16%,{大世界铁矿场产量},0.16,10,Enchanting Pickaxe,Great World Ironmine Output_+16%,Great World Ironmine Output
{附魔铁镐},1123,8,59978,21,0,513000,513000,513000,256500,378000,{大世界铁矿场产量}_+20%,{大世界铁矿场产量},0.2,10,Enchanting Pickaxe,Great World Ironmine Output_+20%,Great World Ironmine Output
{附魔铁镐},1123,9,89499,21,0,770000,770000,770000,385000,532800,{大世界铁矿场产量}_+24%,{大世界铁矿场产量},0.24,10,Enchanting Pickaxe,Great World Ironmine Output_+24%,Great World Ironmine Output
{附魔铁镐},1123,10,132986,22,0,1150000,1150000,1150000,575000,745200,{大世界铁矿场产量}_+30%,{大世界铁矿场产量},0.3,10,Enchanting Pickaxe,Great World Ironmine Output_+30%,Great World Ironmine Output
{器械应用},1131,1,1811,21,1122_5,40000,40000,40000,20000,48000,{大世界所有资源产量}_+1%,{大世界所有资源产量},0.01,6,Machine Application,Great World All Resource Output_+1%,Great World All Resource Output
{器械应用},1131,2,4470,21,0,60000,60000,60000,30000,67200,{大世界所有资源产量}_+2%,{大世界所有资源产量},0.02,6,Machine Application,Great World All Resource Output_+2%,Great World All Resource Output
{器械应用},1131,3,8306,21,0,90000,90000,90000,45000,93600,{大世界所有资源产量}_+3%,{大世界所有资源产量},0.03,6,Machine Application,Great World All Resource Output_+3%,Great World All Resource Output
{器械应用},1131,4,14025,21,0,135000,135000,135000,67500,133200,{大世界所有资源产量}_+4%,{大世界所有资源产量},0.04,6,Machine Application,Great World All Resource Output_+4%,Great World All Resource Output
{器械应用},1131,5,22370,22,0,203000,203000,203000,101500,183600,{大世界所有资源产量}_+5%,{大世界所有资源产量},0.05,6,Machine Application,Great World All Resource Output_+5%,Great World All Resource Output
{器械应用},1131,6,34559,22,0,304000,304000,304000,152000,259200,{大世界所有资源产量}_+6%,{大世界所有资源产量},0.06,6,Machine Application,Great World All Resource Output_+6%,Great World All Resource Output
{器械应用},1131,7,52813,22,0,456000,456000,456000,228000,360000,{大世界所有资源产量}_+8%,{大世界所有资源产量},0.08,6,Machine Application,Great World All Resource Output_+8%,Great World All Resource Output
{器械应用},1131,8,79266,22,0,684000,684000,684000,342000,507600,{大世界所有资源产量}_+10%,{大世界所有资源产量},0.1,6,Machine Application,Great World All Resource Output_+10%,Great World All Resource Output
{器械应用},1131,9,118985,22,0,1025000,1025000,1025000,512500,709200,{大世界所有资源产量}_+12%,{大世界所有资源产量},0.12,6,Machine Application,Great World All Resource Output_+12%,Great World All Resource Output
{器械应用},1131,10,151309,23,0,1540000,1540000,1540000,770000,910800,{大世界所有资源产量}_+15%,{大世界所有资源产量},0.15,6,Machine Application,Great World All Resource Output_+15%,Great World All Resource Output
{建筑学},1141,1,1811,21,1131_1,40000,40000,40000,20000,48000,{建造速度}_+1%,{建造速度},0.01,11,Architecture,Build Spd_+1%,Build Spd
{建筑学},1141,2,4470,21,1131_2,60000,60000,60000,30000,67200,{建造速度}_+2%,{建造速度},0.02,11,Architecture,Build Spd_+2%,Build Spd
{建筑学},1141,3,8306,21,1131_3,90000,90000,90000,45000,93600,{建造速度}_+3%,{建造速度},0.03,11,Architecture,Build Spd_+3%,Build Spd
{建筑学},1141,4,14025,21,1131_4,135000,135000,135000,67500,133200,{建造速度}_+4%,{建造速度},0.04,11,Architecture,Build Spd_+4%,Build Spd
{建筑学},1141,5,22370,22,1131_5,203000,203000,203000,101500,183600,{建造速度}_+5%,{建造速度},0.05,11,Architecture,Build Spd_+5%,Build Spd
{建筑学},1141,6,34559,22,1131_6,304000,304000,304000,152000,259200,{建造速度}_+7%,{建造速度},0.07,11,Architecture,Build Spd_+7%,Build Spd
{建筑学},1141,7,52813,22,1131_7,456000,456000,456000,228000,360000,{建造速度}_+9%,{建造速度},0.09,11,Architecture,Build Spd_+9%,Build Spd
{建筑学},1141,8,79266,22,1131_8,684000,684000,684000,342000,507600,{建造速度}_+11%,{建造速度},0.11,11,Architecture,Build Spd_+11%,Build Spd
{建筑学},1141,9,118985,22,1131_9,1025000,1025000,1025000,512500,709200,{建造速度}_+14%,{建造速度},0.14,11,Architecture,Build Spd_+14%,Build Spd
{建筑学},1141,10,151309,23,1131_10,1540000,1540000,1540000,770000,910800,{建造速度}_+20%,{建造速度},0.2,11,Architecture,Build Spd_+20%,Build Spd
{训练有素},2011,1,18,1,0,500,500,500,0,60,{士兵训练速度}_+5%,{士兵训练速度},0.05,13,Well Trained,Soldier Training Spd_+5%,Soldier Training Spd
{训练有素},2011,2,43,1,0,1000,1000,1000,0,180,{士兵训练速度}_+10%,{士兵训练速度},0.1,13,Well Trained,Soldier Training Spd_+10%,Soldier Training Spd
{训练有素},2011,3,89,1,0,2000,2000,2000,0,300,{士兵训练速度}_+15%,{士兵训练速度},0.15,13,Well Trained,Soldier Training Spd_+15%,Soldier Training Spd
{训练有素},2011,4,164,1,0,4000,4000,4000,0,600,{士兵训练速度}_+20%,{士兵训练速度},0.2,13,Well Trained,Soldier Training Spd_+20%,Soldier Training Spd
{训练有素},2011,5,293,1,0,8000,8000,8000,0,900,{士兵训练速度}_+30%,{士兵训练速度},0.3,13,Well Trained,Soldier Training Spd_+30%,Soldier Training Spd
{格斗术},2021,1,61,1,2011_1,1000,1000,1000,0,180,{步兵} {攻击}_+1%,{步兵} {攻击},0.01,18,Combat Skill,Infantry ATK_+1%,Infantry ATK
{格斗术},2021,2,144,3,0,2000,2000,2000,0,300,{步兵} {攻击}_+2%,{步兵} {攻击},0.02,18,Combat Skill,Infantry ATK_+2%,Infantry ATK
{格斗术},2021,3,298,5,0,4000,4000,4000,0,720,{步兵} {攻击}_+4%,{步兵} {攻击},0.04,18,Combat Skill,Infantry ATK_+4%,Infantry ATK
{格斗术},2021,4,546,7,0,8000,8000,8000,0,1080,{步兵} {攻击}_+6%,{步兵} {攻击},0.06,18,Combat Skill,Infantry ATK_+6%,Infantry ATK
{格斗术},2021,5,975,9,0,16000,16000,16000,0,1500,{步兵} {攻击}_+10%,{步兵} {攻击},0.1,18,Combat Skill,Infantry ATK_+10%,Infantry ATK
{木羽箭},2022,1,61,1,2011_1,1000,1000,1000,0,180,{弓兵} {攻击}_+1%,{弓兵} {攻击},0.01,19,Wooden Feather Arrow,Archer ATK_+1%,Archer ATK
{木羽箭},2022,2,144,3,0,2000,2000,2000,0,300,{弓兵} {攻击}_+2%,{弓兵} {攻击},0.02,19,Wooden Feather Arrow,Archer ATK_+2%,Archer ATK
{木羽箭},2022,3,298,5,0,4000,4000,4000,0,720,{弓兵} {攻击}_+4%,{弓兵} {攻击},0.04,19,Wooden Feather Arrow,Archer ATK_+4%,Archer ATK
{木羽箭},2022,4,546,7,0,8000,8000,8000,0,1080,{弓兵} {攻击}_+6%,{弓兵} {攻击},0.06,19,Wooden Feather Arrow,Archer ATK_+6%,Archer ATK
{木羽箭},2022,5,975,9,0,16000,16000,16000,0,1500,{弓兵} {攻击}_+10%,{弓兵} {攻击},0.1,19,Wooden Feather Arrow,Archer ATK_+10%,Archer ATK
{马术},2023,1,61,1,2011_1,1000,1000,1000,0,180,{骑兵} {攻击}_+1%,{骑兵} {攻击},0.01,20,Horsemanship,Cavalry ATK_+1%,Cavalry ATK
{马术},2023,2,144,3,0,2000,2000,2000,0,300,{骑兵} {攻击}_+2%,{骑兵} {攻击},0.02,20,Horsemanship,Cavalry ATK_+2%,Cavalry ATK
{马术},2023,3,298,5,0,4000,4000,4000,0,720,{骑兵} {攻击}_+4%,{骑兵} {攻击},0.04,20,Horsemanship,Cavalry ATK_+4%,Cavalry ATK
{马术},2023,4,546,7,0,8000,8000,8000,0,1080,{骑兵} {攻击}_+6%,{骑兵} {攻击},0.06,20,Horsemanship,Cavalry ATK_+6%,Cavalry ATK
{马术},2023,5,975,9,0,16000,16000,16000,0,1500,{骑兵} {攻击}_+10%,{骑兵} {攻击},0.1,20,Horsemanship,Cavalry ATK_+10%,Cavalry ATK
{浸油绳索},2024,1,61,1,2011_1,1000,1000,1000,0,180,{战车} {攻击}_+1%,{战车} {攻击},0.01,21,Oiled Rope,Chariot ATK_+1%,Chariot ATK
{浸油绳索},2024,2,144,3,0,2000,2000,2000,0,300,{战车} {攻击}_+2%,{战车} {攻击},0.02,21,Oiled Rope,Chariot ATK_+2%,Chariot ATK
{浸油绳索},2024,3,298,5,0,4000,4000,4000,0,720,{战车} {攻击}_+4%,{战车} {攻击},0.04,21,Oiled Rope,Chariot ATK_+4%,Chariot ATK
{浸油绳索},2024,4,546,7,0,8000,8000,8000,0,1080,{战车} {攻击}_+6%,{战车} {攻击},0.06,21,Oiled Rope,Chariot ATK_+6%,Chariot ATK
{浸油绳索},2024,5,975,9,0,16000,16000,16000,0,1500,{战车} {攻击}_+10%,{战车} {攻击},0.1,21,Oiled Rope,Chariot ATK_+10%,Chariot ATK
{2阶} {步兵},2031,1,1200,8,2021_3,20000,20000,20000,0,36000,{解锁}_{步兵}({2阶}),{解锁}_{步兵}({2阶}),0,0,T2 Infantry,Unlock_Infantry(T2),Unlock_Infantry(T2)
{2阶} {弓兵},2032,1,1200,8,2022_3,20000,20000,20000,0,36000,{解锁}_{弓兵}({2阶}),{解锁}_{弓兵}({2阶}),0,0,T2 Archer,Unlock_Archer(T2),Unlock_Archer(T2)
{2阶} {骑兵},2033,1,1200,8,2023_3,20000,20000,20000,0,36000,{解锁}_{骑兵}({2阶}),{解锁}_{骑兵}({2阶}),0,0,T2 Cavalry,Unlock_Cavalry(T2),Unlock_Cavalry(T2)
{2阶} {战车},2034,1,1200,8,2024_3,20000,20000,20000,0,36000,{解锁}_{战车}({2阶}),{解锁}_{战车}({2阶}),0,0,T2 Chariot,Unlock_Chariot(T2),Unlock_Chariot(T2)
{侦察技巧},2041,1,127,8,2031_1+2032_1,1500,1500,1500,0,7200,{情报站} {收集能力}_+1★,{收集能力},1,48,Scout Technique,Information Station Collect Ability_+1★,Collect Ability
{侦察技巧},2041,2,323,9,0,3000,3000,3000,0,10080,{情报站} {收集能力}_+2★,{收集能力},2,48,Scout Technique,Information Station Collect Ability_+2★,Collect Ability
{侦察技巧},2041,3,636,10,0,6000,6000,6000,0,14100,{情报站} {收集能力}_+3★,{收集能力},3,48,Scout Technique,Information Station Collect Ability_+3★,Collect Ability
{侦察技巧},2041,4,1156,11,0,12000,12000,12000,0,19740,{情报站} {收集能力}_+4★,{收集能力},4,48,Scout Technique,Information Station Collect Ability_+4★,Collect Ability
{侦察技巧},2041,5,2028,12,0,24000,24000,24000,0,27660,{情报站} {收集能力}_+5★,{收集能力},5,48,Scout Technique,Information Station Collect Ability_+5★,Collect Ability
{行军技巧},2042,1,127,8,2033_1+2034_1,1500,1500,1500,0,7200,{所有士兵} {行军速度}_+1%,{所有士兵} {行军速度},0.01,30,Marching Technique,All Soldiers March Spd_+1%,All Soldiers March Spd
{行军技巧},2042,2,323,9,0,3000,3000,3000,0,10080,{所有士兵} {行军速度}_+3%,{所有士兵} {行军速度},0.03,30,Marching Technique,All Soldiers March Spd_+3%,All Soldiers March Spd
{行军技巧},2042,3,636,10,0,6000,6000,6000,0,14100,{所有士兵} {行军速度}_+5%,{所有士兵} {行军速度},0.05,30,Marching Technique,All Soldiers March Spd_+5%,All Soldiers March Spd
{行军技巧},2042,4,1156,11,0,12000,12000,12000,0,19740,{所有士兵} {行军速度}_+7%,{所有士兵} {行军速度},0.07,30,Marching Technique,All Soldiers March Spd_+7%,All Soldiers March Spd
{行军技巧},2042,5,2028,12,0,24000,24000,24000,0,27660,{所有士兵} {行军速度}_+10%,{所有士兵} {行军速度},0.1,30,Marching Technique,All Soldiers March Spd_+10%,All Soldiers March Spd
{兽皮木盾},2051,1,403,11,2041_1,4000,4000,4000,2000,21600,{步兵} {防御}_+1%,{步兵} {防御},0.01,23,Leather Shield,Infantry DEF_+1%,Infantry DEF
{兽皮木盾},2051,2,1035,12,0,8000,8000,8000,4000,30240,{步兵} {防御}_+2%,{步兵} {防御},0.02,23,Leather Shield,Infantry DEF_+2%,Infantry DEF
{兽皮木盾},2051,3,2078,13,0,16000,16000,16000,8000,42360,{步兵} {防御}_+4%,{步兵} {防御},0.04,23,Leather Shield,Infantry DEF_+4%,Infantry DEF
{兽皮木盾},2051,4,3795,14,0,32000,32000,32000,16000,59280,{步兵} {防御}_+6%,{步兵} {防御},0.06,23,Leather Shield,Infantry DEF_+6%,Infantry DEF
{兽皮木盾},2051,5,6781,15,2041_5,64000,64000,64000,32000,82980,{步兵} {防御}_+10%,{步兵} {防御},0.1,23,Leather Shield,Infantry DEF_+10%,Infantry DEF
{兽皮护甲},2052,1,403,11,2041_1,4000,4000,4000,2000,21600,{弓兵} {防御}_+1%,{弓兵} {防御},0.01,24,Leather Armor,Archer DEF_+1%,Archer DEF
{兽皮护甲},2052,2,1035,12,0,8000,8000,8000,4000,30240,{弓兵} {防御}_+2%,{弓兵} {防御},0.02,24,Leather Armor,Archer DEF_+2%,Archer DEF
{兽皮护甲},2052,3,2078,13,0,16000,16000,16000,8000,42360,{弓兵} {防御}_+4%,{弓兵} {防御},0.04,24,Leather Armor,Archer DEF_+4%,Archer DEF
{兽皮护甲},2052,4,3795,14,0,32000,32000,32000,16000,59280,{弓兵} {防御}_+6%,{弓兵} {防御},0.06,24,Leather Armor,Archer DEF_+6%,Archer DEF
{兽皮护甲},2052,5,6781,15,2041_5,64000,64000,64000,32000,82980,{弓兵} {防御}_+10%,{弓兵} {防御},0.1,24,Leather Armor,Archer DEF_+10%,Archer DEF
{银麟护甲},2053,1,403,11,2042_1,4000,4000,4000,2000,21600,{骑兵} {防御}_+1%,{骑兵} {防御},0.01,25,Scale Armor,Cavalry DEF_+1%,Cavalry DEF
{银麟护甲},2053,2,1035,12,0,8000,8000,8000,4000,30240,{骑兵} {防御}_+2%,{骑兵} {防御},0.02,25,Scale Armor,Cavalry DEF_+2%,Cavalry DEF
{银麟护甲},2053,3,2078,13,0,16000,16000,16000,8000,42360,{骑兵} {防御}_+4%,{骑兵} {防御},0.04,25,Scale Armor,Cavalry DEF_+4%,Cavalry DEF
{银麟护甲},2053,4,3795,14,0,32000,32000,32000,16000,59280,{骑兵} {防御}_+6%,{骑兵} {防御},0.06,25,Scale Armor,Cavalry DEF_+6%,Cavalry DEF
{银麟护甲},2053,5,6781,15,2042_5,64000,64000,64000,32000,82980,{骑兵} {防御}_+10%,{骑兵} {防御},0.1,25,Scale Armor,Cavalry DEF_+10%,Cavalry DEF
{兽皮防护层},2054,1,403,11,2042_1,4000,4000,4000,2000,21600,{战车} {防御}_+1%,{战车} {防御},0.01,26,Hide Protective Layer,Chariot DEF_+1%,Chariot DEF
{兽皮防护层},2054,2,1035,12,0,8000,8000,8000,4000,30240,{战车} {防御}_+2%,{战车} {防御},0.02,26,Hide Protective Layer,Chariot DEF_+2%,Chariot DEF
{兽皮防护层},2054,3,2078,13,0,16000,16000,16000,8000,42360,{战车} {防御}_+4%,{战车} {防御},0.04,26,Hide Protective Layer,Chariot DEF_+4%,Chariot DEF
{兽皮防护层},2054,4,3795,14,0,32000,32000,32000,16000,59280,{战车} {防御}_+6%,{战车} {防御},0.06,26,Hide Protective Layer,Chariot DEF_+6%,Chariot DEF
{兽皮防护层},2054,5,6781,15,2042_5,64000,64000,64000,32000,82980,{战车} {防御}_+10%,{战车} {防御},0.1,26,Hide Protective Layer,Chariot DEF_+10%,Chariot DEF
{3阶} {步兵},2061,1,12000,16,2051_5,150000,150000,150000,75000,259200,{解锁}_{步兵}({3阶}),{解锁}_{步兵}({3阶}),0,0,T3 Infantry,Unlock_Infantry(T3),Unlock_Infantry(T3)
{3阶} {弓兵},2062,1,12000,16,2052_5,150000,150000,150000,75000,259200,{解锁}_{弓兵}({3阶}),{解锁}_{弓兵}({3阶}),0,0,T3 Archer,Unlock_Archer(T3),Unlock_Archer(T3)
{3阶} {骑兵},2063,1,12000,16,2053_5,150000,150000,150000,75000,259200,{解锁}_{骑兵}({3阶}),{解锁}_{骑兵}({3阶}),0,0,T3 Cavalry,Unlock_Cavalry(T3),Unlock_Cavalry(T3)
{3阶} {战车},2064,1,12000,16,2054_5,150000,150000,150000,75000,259200,{解锁}_{战车}({3阶}),{解锁}_{战车}({3阶}),0,0,T3 Chariot,Unlock_Chariot(T3),Unlock_Chariot(T3)
{药理学},2071,1,1778,16,2061_1+2062_1+2063_1+2064_1,50000,50000,50000,25000,32400,{医院} {治疗速度}_+1%,{治疗速度},0.01,14,Pharmacology,Hospital Healing Spd_+1%,Healing Spd
{药理学},2071,2,4388,16,0,75000,75000,75000,37500,64800,{医院} {治疗速度}_+2%,{治疗速度},0.02,14,Pharmacology,Hospital Healing Spd_+2%,Healing Spd
{药理学},2071,3,8719,17,0,113000,113000,113000,56500,129600,{医院} {治疗速度}_+3%,{治疗速度},0.03,14,Pharmacology,Hospital Healing Spd_+3%,Healing Spd
{药理学},2071,4,16071,17,0,169000,169000,169000,84500,259200,{医院} {治疗速度}_+4%,{治疗速度},0.04,14,Pharmacology,Hospital Healing Spd_+4%,Healing Spd
{药理学},2071,5,24936,18,0,253000,253000,253000,126500,518400,{医院} {治疗速度}_+6%,{治疗速度},0.06,14,Pharmacology,Hospital Healing Spd_+6%,Healing Spd
{药理学},2071,6,43943,18,0,380000,380000,380000,190000,1036800,{医院} {治疗速度}_+8%,{治疗速度},0.08,14,Pharmacology,Hospital Healing Spd_+8%,Healing Spd
{药理学},2071,7,66944,18,0,570000,570000,570000,285000,2073600,{医院} {治疗速度}_+12%,{治疗速度},0.12,14,Pharmacology,Hospital Healing Spd_+12%,Healing Spd
{药理学},2071,8,89945,19,0,855000,855000,855000,427500,3110400,{医院} {治疗速度}_+16%,{治疗速度},0.16,14,Pharmacology,Hospital Healing Spd_+16%,Healing Spd
{药理学},2071,9,112946,19,0,1283000,1283000,1283000,641500,4147200,{医院} {治疗速度}_+22%,{治疗速度},0.22,14,Pharmacology,Hospital Healing Spd_+22%,Healing Spd
{药理学},2071,10,135947,19,0,1925000,1925000,1925000,962500,5184000,{医院} {治疗速度}_+30%,{治疗速度},0.3,14,Pharmacology,Hospital Healing Spd_+30%,Healing Spd
{战略学},2081,1,1778,16,2071_1,50000,50000,50000,25000,32400,{所有士兵} {攻击}_+1%,{所有士兵} {攻击},0.01,17,Strategics,All Soldiers ATK_+1%,All Soldiers ATK
{战略学},2081,2,4388,16,0,75000,75000,75000,37500,64800,{所有士兵} {攻击}_+2%,{所有士兵} {攻击},0.02,17,Strategics,All Soldiers ATK_+2%,All Soldiers ATK
{战略学},2081,3,8719,17,0,113000,113000,113000,56500,129600,{所有士兵} {攻击}_+3%,{所有士兵} {攻击},0.03,17,Strategics,All Soldiers ATK_+3%,All Soldiers ATK
{战略学},2081,4,16071,17,0,169000,169000,169000,84500,259200,{所有士兵} {攻击}_+4%,{所有士兵} {攻击},0.04,17,Strategics,All Soldiers ATK_+4%,All Soldiers ATK
{战略学},2081,5,24936,18,2071_5,253000,253000,253000,126500,518400,{所有士兵} {攻击}_+5%,{所有士兵} {攻击},0.05,17,Strategics,All Soldiers ATK_+5%,All Soldiers ATK
{战略学},2081,6,43943,18,0,380000,380000,380000,190000,1036800,{所有士兵} {攻击}_+6%,{所有士兵} {攻击},0.06,17,Strategics,All Soldiers ATK_+6%,All Soldiers ATK
{战略学},2081,7,66944,18,0,570000,570000,570000,285000,2073600,{所有士兵} {攻击}_+7%,{所有士兵} {攻击},0.07,17,Strategics,All Soldiers ATK_+7%,All Soldiers ATK
{战略学},2081,8,89945,19,0,855000,855000,855000,427500,3110400,{所有士兵} {攻击}_+8%,{所有士兵} {攻击},0.08,17,Strategics,All Soldiers ATK_+8%,All Soldiers ATK
{战略学},2081,9,112946,19,0,1283000,1283000,1283000,641500,4147200,{所有士兵} {攻击}_+9%,{所有士兵} {攻击},0.09,17,Strategics,All Soldiers ATK_+9%,All Soldiers ATK
{战略学},2081,10,135947,19,2071_10,1925000,1925000,1925000,962500,5184000,{所有士兵} {攻击}_+10%,{所有士兵} {攻击},0.1,17,Strategics,All Soldiers ATK_+10%,All Soldiers ATK
{战阵学},2082,1,1778,16,2071_1,50000,50000,50000,25000,32400,{所有士兵} {防御}_+1%,{所有士兵} {防御},0.01,22,Science Of Battle Array,All Soldiers DEF_+1%,All Soldiers DEF
{战阵学},2082,2,4388,16,0,75000,75000,75000,37500,64800,{所有士兵} {防御}_+2%,{所有士兵} {防御},0.02,22,Science Of Battle Array,All Soldiers DEF_+2%,All Soldiers DEF
{战阵学},2082,3,8719,17,0,113000,113000,113000,56500,129600,{所有士兵} {防御}_+3%,{所有士兵} {防御},0.03,22,Science Of Battle Array,All Soldiers DEF_+3%,All Soldiers DEF
{战阵学},2082,4,16071,17,0,169000,169000,169000,84500,259200,{所有士兵} {防御}_+4%,{所有士兵} {防御},0.04,22,Science Of Battle Array,All Soldiers DEF_+4%,All Soldiers DEF
{战阵学},2082,5,24936,18,2071_5,253000,253000,253000,126500,518400,{所有士兵} {防御}_+5%,{所有士兵} {防御},0.05,22,Science Of Battle Array,All Soldiers DEF_+5%,All Soldiers DEF
{战阵学},2082,6,43943,18,0,380000,380000,380000,190000,1036800,{所有士兵} {防御}_+6%,{所有士兵} {防御},0.06,22,Science Of Battle Array,All Soldiers DEF_+6%,All Soldiers DEF
{战阵学},2082,7,66944,18,0,570000,570000,570000,285000,2073600,{所有士兵} {防御}_+7%,{所有士兵} {防御},0.07,22,Science Of Battle Array,All Soldiers DEF_+7%,All Soldiers DEF
{战阵学},2082,8,89945,19,0,855000,855000,855000,427500,3110400,{所有士兵} {防御}_+8%,{所有士兵} {防御},0.08,22,Science Of Battle Array,All Soldiers DEF_+8%,All Soldiers DEF
{战阵学},2082,9,112946,19,0,1283000,1283000,1283000,641500,4147200,{所有士兵} {防御}_+9%,{所有士兵} {防御},0.09,22,Science Of Battle Array,All Soldiers DEF_+9%,All Soldiers DEF
{战阵学},2082,10,135947,19,2071_10,1925000,1925000,1925000,962500,5184000,{所有士兵} {防御}_+10%,{所有士兵} {防御},0.1,22,Science Of Battle Array,All Soldiers DEF_+10%,All Soldiers DEF
{攻城学},2083,1,1778,16,2071_1,50000,50000,50000,25000,32400,{所有士兵} {破坏}_+1%,{所有士兵} {破坏},0.01,27,Siege Engineering,All Soldiers DES_+1%,All Soldiers DES
{攻城学},2083,2,4388,16,0,75000,75000,75000,37500,64800,{所有士兵} {破坏}_+2%,{所有士兵} {破坏},0.02,27,Siege Engineering,All Soldiers DES_+2%,All Soldiers DES
{攻城学},2083,3,8719,17,0,113000,113000,113000,56500,129600,{所有士兵} {破坏}_+3%,{所有士兵} {破坏},0.03,27,Siege Engineering,All Soldiers DES_+3%,All Soldiers DES
{攻城学},2083,4,16071,17,0,169000,169000,169000,84500,259200,{所有士兵} {破坏}_+4%,{所有士兵} {破坏},0.04,27,Siege Engineering,All Soldiers DES_+4%,All Soldiers DES
{攻城学},2083,5,24936,18,2071_5,253000,253000,253000,126500,518400,{所有士兵} {破坏}_+5%,{所有士兵} {破坏},0.05,27,Siege Engineering,All Soldiers DES_+5%,All Soldiers DES
{攻城学},2083,6,43943,18,0,380000,380000,380000,190000,1036800,{所有士兵} {破坏}_+6%,{所有士兵} {破坏},0.06,27,Siege Engineering,All Soldiers DES_+6%,All Soldiers DES
{攻城学},2083,7,66944,18,0,570000,570000,570000,285000,2073600,{所有士兵} {破坏}_+8%,{所有士兵} {破坏},0.08,27,Siege Engineering,All Soldiers DES_+8%,All Soldiers DES
{攻城学},2083,8,89945,19,0,855000,855000,855000,427500,3110400,{所有士兵} {破坏}_+10%,{所有士兵} {破坏},0.1,27,Siege Engineering,All Soldiers DES_+10%,All Soldiers DES
{攻城学},2083,9,112946,19,0,1283000,1283000,1283000,641500,4147200,{所有士兵} {破坏}_+12%,{所有士兵} {破坏},0.12,27,Siege Engineering,All Soldiers DES_+12%,All Soldiers DES
{攻城学},2083,10,135947,19,2071_10,1925000,1925000,1925000,962500,5184000,{所有士兵} {破坏}_+15%,{所有士兵} {破坏},0.15,27,Siege Engineering,All Soldiers DES_+15%,All Soldiers DES
{地图绘制},2091,1,24936,16,2081_1+2082_1+2083_1,253000,253000,253000,126500,518400,{所有士兵} {行军速度}_+2%,{所有士兵} {行军速度},0.02,30,Map Drawing,All Soldiers March Spd_+2%,All Soldiers March Spd
{地图绘制},2091,2,43943,16,0,380000,380000,380000,190000,1036800,{所有士兵} {行军速度}_+5%,{所有士兵} {行军速度},0.05,30,Map Drawing,All Soldiers March Spd_+5%,All Soldiers March Spd
{地图绘制},2091,3,62950,17,0,570000,570000,570000,285000,1555200,{所有士兵} {行军速度}_+8%,{所有士兵} {行军速度},0.08,30,Map Drawing,All Soldiers March Spd_+8%,All Soldiers March Spd
{地图绘制},2091,4,81957,17,0,855000,855000,855000,427500,2073600,{所有士兵} {行军速度}_+11%,{所有士兵} {行军速度},0.11,30,Map Drawing,All Soldiers March Spd_+11%,All Soldiers March Spd
{地图绘制},2091,5,100964,18,2081_5+2082_5+2083_5,1283000,1283000,1283000,641500,2592000,{所有士兵} {行军速度}_+15%,{所有士兵} {行军速度},0.15,30,Map Drawing,All Soldiers March Spd_+15%,All Soldiers March Spd
{4阶} {步兵},2101,1,120000,19,2091_5,1280000,1280000,1280000,640000,2592000,{解锁}_{步兵}({4阶}),{解锁}_{步兵}({4阶}),0,0,T4 Infantry,Unlock_Infantry(T4),Unlock_Infantry(T4)
{4阶} {弓兵},2102,1,120000,19,2091_5,1280000,1280000,1280000,640000,2592000,{解锁}_{弓兵}({4阶}),{解锁}_{弓兵}({4阶}),0,0,T4 Archer,Unlock_Archer(T4),Unlock_Archer(T4)
{4阶} {骑兵},2103,1,120000,19,2091_5,1280000,1280000,1280000,640000,2592000,{解锁}_{骑兵}({4阶}),{解锁}_{骑兵}({4阶}),0,0,T4 Cavalry,Unlock_Cavalry(T4),Unlock_Cavalry(T4)
{4阶} {战车},2104,1,120000,19,2091_5,1280000,1280000,1280000,640000,2592000,{解锁}_{战车}({4阶}),{解锁}_{战车}({4阶}),0,0,T4 Chariot,Unlock_Chariot(T4),Unlock_Chariot(T4)
{精钢剑},2111,1,1400,20,2101_1,40000,40000,40000,20000,25920,{步兵} {攻击}_+1%,{步兵} {攻击},0.01,18,Pure Steel Sword,Infantry ATK_+1%,Infantry ATK
{精钢剑},2111,2,3597,20,0,60000,60000,60000,30000,51840,{步兵} {攻击}_+2%,{步兵} {攻击},0.02,18,Pure Steel Sword,Infantry ATK_+2%,Infantry ATK
{精钢剑},2111,3,7147,20,0,90000,90000,90000,45000,104400,{步兵} {攻击}_+3%,{步兵} {攻击},0.03,18,Pure Steel Sword,Infantry ATK_+3%,Infantry ATK
{精钢剑},2111,4,12961,20,0,135000,135000,135000,67500,208800,{步兵} {攻击}_+4%,{步兵} {攻击},0.04,18,Pure Steel Sword,Infantry ATK_+4%,Infantry ATK
{精钢剑},2111,5,20440,21,0,203000,203000,203000,101500,414000,{步兵} {攻击}_+5%,{步兵} {攻击},0.05,18,Pure Steel Sword,Infantry ATK_+5%,Infantry ATK
{精钢剑},2111,6,33803,21,0,304000,304000,304000,152000,828000,{步兵} {攻击}_+7%,{步兵} {攻击},0.07,18,Pure Steel Sword,Infantry ATK_+7%,Infantry ATK
{精钢剑},2111,7,51496,21,0,456000,456000,456000,228000,1656000,{步兵} {攻击}_+9%,{步兵} {攻击},0.09,18,Pure Steel Sword,Infantry ATK_+9%,Infantry ATK
{精钢剑},2111,8,77782,22,0,684000,684000,684000,342000,3312000,{步兵} {攻击}_+11%,{步兵} {攻击},0.11,18,Pure Steel Sword,Infantry ATK_+11%,Infantry ATK
{精钢剑},2111,9,104068,22,0,1025000,1025000,1025000,512500,4968000,{步兵} {攻击}_+13%,{步兵} {攻击},0.13,18,Pure Steel Sword,Infantry ATK_+13%,Infantry ATK
{精钢剑},2111,10,130354,23,0,1537500,1537500,1537500,768750,6624000,{步兵} {攻击}_+15%,{步兵} {攻击},0.15,18,Pure Steel Sword,Infantry ATK_+15%,Infantry ATK
{强弩},2112,1,1400,20,2102_1,40000,40000,40000,20000,25920,{弓兵} {攻击}_+1%,{弓兵} {攻击},0.01,19,Crossbow,Archer ATK_+1%,Archer ATK
{强弩},2112,2,3597,20,0,60000,60000,60000,30000,51840,{弓兵} {攻击}_+2%,{弓兵} {攻击},0.02,19,Crossbow,Archer ATK_+2%,Archer ATK
{强弩},2112,3,7147,20,0,90000,90000,90000,45000,104400,{弓兵} {攻击}_+3%,{弓兵} {攻击},0.03,19,Crossbow,Archer ATK_+3%,Archer ATK
{强弩},2112,4,12961,20,0,135000,135000,135000,67500,208800,{弓兵} {攻击}_+4%,{弓兵} {攻击},0.04,19,Crossbow,Archer ATK_+4%,Archer ATK
{强弩},2112,5,20440,21,0,203000,203000,203000,101500,414000,{弓兵} {攻击}_+5%,{弓兵} {攻击},0.05,19,Crossbow,Archer ATK_+5%,Archer ATK
{强弩},2112,6,33803,21,0,304000,304000,304000,152000,828000,{弓兵} {攻击}_+7%,{弓兵} {攻击},0.07,19,Crossbow,Archer ATK_+7%,Archer ATK
{强弩},2112,7,51496,21,0,456000,456000,456000,228000,1656000,{弓兵} {攻击}_+9%,{弓兵} {攻击},0.09,19,Crossbow,Archer ATK_+9%,Archer ATK
{强弩},2112,8,77782,22,0,684000,684000,684000,342000,3312000,{弓兵} {攻击}_+11%,{弓兵} {攻击},0.11,19,Crossbow,Archer ATK_+11%,Archer ATK
{强弩},2112,9,104068,22,0,1025000,1025000,1025000,512500,4968000,{弓兵} {攻击}_+13%,{弓兵} {攻击},0.13,19,Crossbow,Archer ATK_+13%,Archer ATK
{强弩},2112,10,130354,23,0,1537500,1537500,1537500,768750,6624000,{弓兵} {攻击}_+15%,{弓兵} {攻击},0.15,19,Crossbow,Archer ATK_+15%,Archer ATK
{马槊},2113,1,1400,20,2103_1,40000,40000,40000,20000,25920,{骑兵} {攻击}_+1%,{骑兵} {攻击},0.01,20,Lance,Cavalry ATK_+1%,Cavalry ATK
{马槊},2113,2,3597,20,0,60000,60000,60000,30000,51840,{骑兵} {攻击}_+2%,{骑兵} {攻击},0.02,20,Lance,Cavalry ATK_+2%,Cavalry ATK
{马槊},2113,3,7147,20,0,90000,90000,90000,45000,104400,{骑兵} {攻击}_+3%,{骑兵} {攻击},0.03,20,Lance,Cavalry ATK_+3%,Cavalry ATK
{马槊},2113,4,12961,20,0,135000,135000,135000,67500,208800,{骑兵} {攻击}_+4%,{骑兵} {攻击},0.04,20,Lance,Cavalry ATK_+4%,Cavalry ATK
{马槊},2113,5,20440,21,0,203000,203000,203000,101500,414000,{骑兵} {攻击}_+5%,{骑兵} {攻击},0.05,20,Lance,Cavalry ATK_+5%,Cavalry ATK
{马槊},2113,6,33803,21,0,304000,304000,304000,152000,828000,{骑兵} {攻击}_+7%,{骑兵} {攻击},0.07,20,Lance,Cavalry ATK_+7%,Cavalry ATK
{马槊},2113,7,51496,21,0,456000,456000,456000,228000,1656000,{骑兵} {攻击}_+9%,{骑兵} {攻击},0.09,20,Lance,Cavalry ATK_+9%,Cavalry ATK
{马槊},2113,8,77782,22,0,684000,684000,684000,342000,3312000,{骑兵} {攻击}_+11%,{骑兵} {攻击},0.11,20,Lance,Cavalry ATK_+11%,Cavalry ATK
{马槊},2113,9,104068,22,0,1025000,1025000,1025000,512500,4968000,{骑兵} {攻击}_+13%,{骑兵} {攻击},0.13,20,Lance,Cavalry ATK_+13%,Cavalry ATK
{马槊},2113,10,130354,23,0,1537500,1537500,1537500,768750,6624000,{骑兵} {攻击}_+15%,{骑兵} {攻击},0.15,20,Lance,Cavalry ATK_+15%,Cavalry ATK
{组合梢杆},2114,1,1400,20,2104_1,40000,40000,40000,20000,25920,{战车} {攻击}_+1%,{战车} {攻击},0.01,21,Combination Rod,Chariot ATK_+1%,Chariot ATK
{组合梢杆},2114,2,3597,20,0,60000,60000,60000,30000,51840,{战车} {攻击}_+2%,{战车} {攻击},0.02,21,Combination Rod,Chariot ATK_+2%,Chariot ATK
{组合梢杆},2114,3,7147,20,0,90000,90000,90000,45000,104400,{战车} {攻击}_+3%,{战车} {攻击},0.03,21,Combination Rod,Chariot ATK_+3%,Chariot ATK
{组合梢杆},2114,4,12961,20,0,135000,135000,135000,67500,208800,{战车} {攻击}_+4%,{战车} {攻击},0.04,21,Combination Rod,Chariot ATK_+4%,Chariot ATK
{组合梢杆},2114,5,20440,21,0,203000,203000,203000,101500,414000,{战车} {攻击}_+5%,{战车} {攻击},0.05,21,Combination Rod,Chariot ATK_+5%,Chariot ATK
{组合梢杆},2114,6,33803,21,0,304000,304000,304000,152000,828000,{战车} {攻击}_+7%,{战车} {攻击},0.07,21,Combination Rod,Chariot ATK_+7%,Chariot ATK
{组合梢杆},2114,7,51496,21,0,456000,456000,456000,228000,1656000,{战车} {攻击}_+9%,{战车} {攻击},0.09,21,Combination Rod,Chariot ATK_+9%,Chariot ATK
{组合梢杆},2114,8,77782,22,0,684000,684000,684000,342000,3312000,{战车} {攻击}_+11%,{战车} {攻击},0.11,21,Combination Rod,Chariot ATK_+11%,Chariot ATK
{组合梢杆},2114,9,104068,22,0,1025000,1025000,1025000,512500,4968000,{战车} {攻击}_+13%,{战车} {攻击},0.13,21,Combination Rod,Chariot ATK_+13%,Chariot ATK
{组合梢杆},2114,10,130354,23,0,1537500,1537500,1537500,768750,6624000,{战车} {攻击}_+15%,{战车} {攻击},0.15,21,Combination Rod,Chariot ATK_+15%,Chariot ATK
{罗马大盾},2121,1,1400,21,2111_1,40000,40000,40000,20000,25920,{步兵} {防御}_+1%,{步兵} {防御},0.01,23,Roman Shield,Infantry DEF_+1%,Infantry DEF
{罗马大盾},2121,2,3597,21,0,60000,60000,60000,30000,51840,{步兵} {防御}_+2%,{步兵} {防御},0.02,23,Roman Shield,Infantry DEF_+2%,Infantry DEF
{罗马大盾},2121,3,7147,21,0,90000,90000,90000,45000,104400,{步兵} {防御}_+3%,{步兵} {防御},0.03,23,Roman Shield,Infantry DEF_+3%,Infantry DEF
{罗马大盾},2121,4,12961,21,0,135000,135000,135000,67500,208800,{步兵} {防御}_+4%,{步兵} {防御},0.04,23,Roman Shield,Infantry DEF_+4%,Infantry DEF
{罗马大盾},2121,5,20440,22,2111_5,203000,203000,203000,101500,414000,{步兵} {防御}_+5%,{步兵} {防御},0.05,23,Roman Shield,Infantry DEF_+5%,Infantry DEF
{罗马大盾},2121,6,33803,22,0,304000,304000,304000,152000,828000,{步兵} {防御}_+7%,{步兵} {防御},0.07,23,Roman Shield,Infantry DEF_+7%,Infantry DEF
{罗马大盾},2121,7,51496,22,0,456000,456000,456000,228000,1656000,{步兵} {防御}_+9%,{步兵} {防御},0.09,23,Roman Shield,Infantry DEF_+9%,Infantry DEF
{罗马大盾},2121,8,77782,23,2111_8,684000,684000,684000,342000,3312000,{步兵} {防御}_+11%,{步兵} {防御},0.11,23,Roman Shield,Infantry DEF_+11%,Infantry DEF
{罗马大盾},2121,9,104068,23,0,1025000,1025000,1025000,512500,4968000,{步兵} {防御}_+13%,{步兵} {防御},0.13,23,Roman Shield,Infantry DEF_+13%,Infantry DEF
{罗马大盾},2121,10,130354,23,2111_10,1537500,1537500,1537500,768750,6624000,{步兵} {防御}_+15%,{步兵} {防御},0.15,23,Roman Shield,Infantry DEF_+15%,Infantry DEF
{兽皮钢甲},2122,1,1400,21,2112_1,40000,40000,40000,20000,25920,{弓兵} {防御}_+1%,{弓兵} {防御},0.01,24,Animal Skin Armor,Archer DEF_+1%,Archer DEF
{兽皮钢甲},2122,2,3597,21,0,60000,60000,60000,30000,51840,{弓兵} {防御}_+2%,{弓兵} {防御},0.02,24,Animal Skin Armor,Archer DEF_+2%,Archer DEF
{兽皮钢甲},2122,3,7147,21,0,90000,90000,90000,45000,104400,{弓兵} {防御}_+3%,{弓兵} {防御},0.03,24,Animal Skin Armor,Archer DEF_+3%,Archer DEF
{兽皮钢甲},2122,4,12961,21,0,135000,135000,135000,67500,208800,{弓兵} {防御}_+4%,{弓兵} {防御},0.04,24,Animal Skin Armor,Archer DEF_+4%,Archer DEF
{兽皮钢甲},2122,5,20440,22,2112_5,203000,203000,203000,101500,414000,{弓兵} {防御}_+5%,{弓兵} {防御},0.05,24,Animal Skin Armor,Archer DEF_+5%,Archer DEF
{兽皮钢甲},2122,6,33803,22,0,304000,304000,304000,152000,828000,{弓兵} {防御}_+7%,{弓兵} {防御},0.07,24,Animal Skin Armor,Archer DEF_+7%,Archer DEF
{兽皮钢甲},2122,7,51496,22,0,456000,456000,456000,228000,1656000,{弓兵} {防御}_+9%,{弓兵} {防御},0.09,24,Animal Skin Armor,Archer DEF_+9%,Archer DEF
{兽皮钢甲},2122,8,77782,23,2112_8,684000,684000,684000,342000,3312000,{弓兵} {防御}_+11%,{弓兵} {防御},0.11,24,Animal Skin Armor,Archer DEF_+11%,Archer DEF
{兽皮钢甲},2122,9,104068,23,0,1025000,1025000,1025000,512500,4968000,{弓兵} {防御}_+13%,{弓兵} {防御},0.13,24,Animal Skin Armor,Archer DEF_+13%,Archer DEF
{兽皮钢甲},2122,10,130354,23,2112_10,1537500,1537500,1537500,768750,6624000,{弓兵} {防御}_+15%,{弓兵} {防御},0.15,24,Animal Skin Armor,Archer DEF_+15%,Archer DEF
{坚钢护甲},2123,1,1400,21,2113_1,40000,40000,40000,20000,25920,{骑兵} {防御}_+1%,{骑兵} {防御},0.01,25,Plate Armour,Cavalry DEF_+1%,Cavalry DEF
{坚钢护甲},2123,2,3597,21,0,60000,60000,60000,30000,51840,{骑兵} {防御}_+2%,{骑兵} {防御},0.02,25,Plate Armour,Cavalry DEF_+2%,Cavalry DEF
{坚钢护甲},2123,3,7147,21,0,90000,90000,90000,45000,104400,{骑兵} {防御}_+3%,{骑兵} {防御},0.03,25,Plate Armour,Cavalry DEF_+3%,Cavalry DEF
{坚钢护甲},2123,4,12961,21,0,135000,135000,135000,67500,208800,{骑兵} {防御}_+4%,{骑兵} {防御},0.04,25,Plate Armour,Cavalry DEF_+4%,Cavalry DEF
{坚钢护甲},2123,5,20440,22,2113_5,203000,203000,203000,101500,414000,{骑兵} {防御}_+5%,{骑兵} {防御},0.05,25,Plate Armour,Cavalry DEF_+5%,Cavalry DEF
{坚钢护甲},2123,6,33803,22,0,304000,304000,304000,152000,828000,{骑兵} {防御}_+7%,{骑兵} {防御},0.07,25,Plate Armour,Cavalry DEF_+7%,Cavalry DEF
{坚钢护甲},2123,7,51496,22,0,456000,456000,456000,228000,1656000,{骑兵} {防御}_+9%,{骑兵} {防御},0.09,25,Plate Armour,Cavalry DEF_+9%,Cavalry DEF
{坚钢护甲},2123,8,77782,23,2113_8,684000,684000,684000,342000,3312000,{骑兵} {防御}_+11%,{骑兵} {防御},0.11,25,Plate Armour,Cavalry DEF_+11%,Cavalry DEF
{坚钢护甲},2123,9,104068,23,0,1025000,1025000,1025000,512500,4968000,{骑兵} {防御}_+13%,{骑兵} {防御},0.13,25,Plate Armour,Cavalry DEF_+13%,Cavalry DEF
{坚钢护甲},2123,10,130354,23,2113_10,1537500,1537500,1537500,768750,6624000,{骑兵} {防御}_+15%,{骑兵} {防御},0.15,25,Plate Armour,Cavalry DEF_+15%,Cavalry DEF
{铁皮防护层},2124,1,1400,21,2114_1,40000,40000,40000,20000,25920,{战车} {防御}_+1%,{战车} {防御},0.01,26,Iron Protective Layer,Chariot DEF_+1%,Chariot DEF
{铁皮防护层},2124,2,3597,21,0,60000,60000,60000,30000,51840,{战车} {防御}_+2%,{战车} {防御},0.02,26,Iron Protective Layer,Chariot DEF_+2%,Chariot DEF
{铁皮防护层},2124,3,7147,21,0,90000,90000,90000,45000,104400,{战车} {防御}_+3%,{战车} {防御},0.03,26,Iron Protective Layer,Chariot DEF_+3%,Chariot DEF
{铁皮防护层},2124,4,12961,21,0,135000,135000,135000,67500,208800,{战车} {防御}_+4%,{战车} {防御},0.04,26,Iron Protective Layer,Chariot DEF_+4%,Chariot DEF
{铁皮防护层},2124,5,20440,22,2114_5,203000,203000,203000,101500,414000,{战车} {防御}_+5%,{战车} {防御},0.05,26,Iron Protective Layer,Chariot DEF_+5%,Chariot DEF
{铁皮防护层},2124,6,33803,22,0,304000,304000,304000,152000,828000,{战车} {防御}_+7%,{战车} {防御},0.07,26,Iron Protective Layer,Chariot DEF_+7%,Chariot DEF
{铁皮防护层},2124,7,51496,22,0,456000,456000,456000,228000,1656000,{战车} {防御}_+9%,{战车} {防御},0.09,26,Iron Protective Layer,Chariot DEF_+9%,Chariot DEF
{铁皮防护层},2124,8,77782,23,2114_8,684000,684000,684000,342000,3312000,{战车} {防御}_+11%,{战车} {防御},0.11,26,Iron Protective Layer,Chariot DEF_+11%,Chariot DEF
{铁皮防护层},2124,9,104068,23,0,1025000,1025000,1025000,512500,4968000,{战车} {防御}_+13%,{战车} {防御},0.13,26,Iron Protective Layer,Chariot DEF_+13%,Chariot DEF
{铁皮防护层},2124,10,130354,23,2114_10,1537500,1537500,1537500,768750,6624000,{战车} {防御}_+15%,{战车} {防御},0.15,26,Iron Protective Layer,Chariot DEF_+15%,Chariot DEF
{药理精通},2131,1,4388,22,2121_1+2122_1,50000,50000,50000,25000,38880,{所有士兵} {生命}_+1%,{所有士兵} {生命},0.01,28,Proficient In Pharmacology,All Soldiers HP_+1%,All Soldiers HP
{药理精通},2131,2,9512,22,2121_2+2122_2,75000,75000,75000,37500,77760,{所有士兵} {生命}_+2%,{所有士兵} {生命},0.02,28,Proficient In Pharmacology,All Soldiers HP_+2%,All Soldiers HP
{药理精通},2131,3,18122,22,2121_3+2122_3,113000,113000,113000,56500,154800,{所有士兵} {生命}_+3%,{所有士兵} {生命},0.03,28,Proficient In Pharmacology,All Soldiers HP_+3%,All Soldiers HP
{药理精通},2131,4,32115,22,2121_4+2122_4,169000,169000,169000,84500,309600,{所有士兵} {生命}_+4%,{所有士兵} {生命},0.04,28,Proficient In Pharmacology,All Soldiers HP_+4%,All Soldiers HP
{药理精通},2131,5,53848,23,2121_5+2122_5,253000,253000,253000,126500,622800,{所有士兵} {生命}_+5%,{所有士兵} {生命},0.05,28,Proficient In Pharmacology,All Soldiers HP_+5%,All Soldiers HP
{药理精通},2131,6,78051,23,2121_6+2122_6,380000,380000,380000,190000,1245600,{所有士兵} {生命}_+6%,{所有士兵} {生命},0.06,28,Proficient In Pharmacology,All Soldiers HP_+6%,All Soldiers HP
{药理精通},2131,7,113211,23,2121_7+2122_7,570000,570000,570000,285000,2487600,{所有士兵} {生命}_+7%,{所有士兵} {生命},0.07,28,Proficient In Pharmacology,All Soldiers HP_+7%,All Soldiers HP
{药理精通},2131,8,172477,23,2121_8+2122_8,855000,855000,855000,427500,4975200,{所有士兵} {生命}_+8%,{所有士兵} {生命},0.08,28,Proficient In Pharmacology,All Soldiers HP_+8%,All Soldiers HP
{药理精通},2131,9,231743,23,2121_9+2122_9,1282000,1282000,1282000,641000,7462800,{所有士兵} {生命}_+9%,{所有士兵} {生命},0.09,28,Proficient In Pharmacology,All Soldiers HP_+9%,All Soldiers HP
{药理精通},2131,10,291009,23,2121_10+2122_10,1920000,1920000,1920000,960000,9950400,{所有士兵} {生命}_+10%,{所有士兵} {生命},0.1,28,Proficient In Pharmacology,All Soldiers HP_+10%,All Soldiers HP
{攻城精通},2132,1,4388,22,2123_1+2124_1,50000,50000,50000,25000,38880,{所有士兵} {破坏}_+1%,{所有士兵} {破坏},0.01,27,Proficient In Siege,All Soldiers DES_+1%,All Soldiers DES
{攻城精通},2132,2,9512,22,2123_2+2124_2,75000,75000,75000,37500,77760,{所有士兵} {破坏}_+2%,{所有士兵} {破坏},0.02,27,Proficient In Siege,All Soldiers DES_+2%,All Soldiers DES
{攻城精通},2132,3,18122,22,2123_3+2124_3,113000,113000,113000,56500,154800,{所有士兵} {破坏}_+3%,{所有士兵} {破坏},0.03,27,Proficient In Siege,All Soldiers DES_+3%,All Soldiers DES
{攻城精通},2132,4,32115,22,2123_4+2124_4,169000,169000,169000,84500,309600,{所有士兵} {破坏}_+4%,{所有士兵} {破坏},0.04,27,Proficient In Siege,All Soldiers DES_+4%,All Soldiers DES
{攻城精通},2132,5,53848,23,2123_5+2124_5,253000,253000,253000,126500,622800,{所有士兵} {破坏}_+5%,{所有士兵} {破坏},0.05,27,Proficient In Siege,All Soldiers DES_+5%,All Soldiers DES
{攻城精通},2132,6,78051,23,2123_6+2124_6,380000,380000,380000,190000,1245600,{所有士兵} {破坏}_+7%,{所有士兵} {破坏},0.07,27,Proficient In Siege,All Soldiers DES_+7%,All Soldiers DES
{攻城精通},2132,7,113211,23,2123_7+2124_7,570000,570000,570000,285000,2487600,{所有士兵} {破坏}_+9%,{所有士兵} {破坏},0.09,27,Proficient In Siege,All Soldiers DES_+9%,All Soldiers DES
{攻城精通},2132,8,172477,23,2123_8+2124_8,855000,855000,855000,427500,4975200,{所有士兵} {破坏}_+11%,{所有士兵} {破坏},0.11,27,Proficient In Siege,All Soldiers DES_+11%,All Soldiers DES
{攻城精通},2132,9,231743,23,2123_9+2124_9,1282000,1282000,1282000,641000,7462800,{所有士兵} {破坏}_+13%,{所有士兵} {破坏},0.13,27,Proficient In Siege,All Soldiers DES_+13%,All Soldiers DES
{攻城精通},2132,10,291009,23,2123_10+2124_10,1920000,1920000,1920000,960000,9950400,{所有士兵} {破坏}_+15%,{所有士兵} {破坏},0.15,27,Proficient In Siege,All Soldiers DES_+15%,All Soldiers DES
{战略精通},2141,1,4388,22,2131_1,50000,50000,50000,25000,38880,{所有士兵} {攻击}_+1%,{所有士兵} {攻击},0.01,17,Proficient In Strategics,All Soldiers ATK_+1%,All Soldiers ATK
{战略精通},2141,2,9512,22,2131_2,75000,75000,75000,37500,77760,{所有士兵} {攻击}_+2%,{所有士兵} {攻击},0.02,17,Proficient In Strategics,All Soldiers ATK_+2%,All Soldiers ATK
{战略精通},2141,3,18122,22,2131_3,113000,113000,113000,56500,154800,{所有士兵} {攻击}_+3%,{所有士兵} {攻击},0.03,17,Proficient In Strategics,All Soldiers ATK_+3%,All Soldiers ATK
{战略精通},2141,4,32115,22,2131_4,169000,169000,169000,84500,309600,{所有士兵} {攻击}_+4%,{所有士兵} {攻击},0.04,17,Proficient In Strategics,All Soldiers ATK_+4%,All Soldiers ATK
{战略精通},2141,5,53848,23,2131_5,253000,253000,253000,126500,622800,{所有士兵} {攻击}_+5%,{所有士兵} {攻击},0.05,17,Proficient In Strategics,All Soldiers ATK_+5%,All Soldiers ATK
{战略精通},2141,6,78051,23,2131_6,380000,380000,380000,190000,1245600,{所有士兵} {攻击}_+7%,{所有士兵} {攻击},0.07,17,Proficient In Strategics,All Soldiers ATK_+7%,All Soldiers ATK
{战略精通},2141,7,113211,23,2131_7,570000,570000,570000,285000,2487600,{所有士兵} {攻击}_+9%,{所有士兵} {攻击},0.09,17,Proficient In Strategics,All Soldiers ATK_+9%,All Soldiers ATK
{战略精通},2141,8,172477,23,2131_8,855000,855000,855000,427500,4975200,{所有士兵} {攻击}_+11%,{所有士兵} {攻击},0.11,17,Proficient In Strategics,All Soldiers ATK_+11%,All Soldiers ATK
{战略精通},2141,9,231743,23,2131_9,1282000,1282000,1282000,641000,7462800,{所有士兵} {攻击}_+13%,{所有士兵} {攻击},0.13,17,Proficient In Strategics,All Soldiers ATK_+13%,All Soldiers ATK
{战略精通},2141,10,291009,23,2131_10,1920000,1920000,1920000,960000,9950400,{所有士兵} {攻击}_+15%,{所有士兵} {攻击},0.15,17,Proficient In Strategics,All Soldiers ATK_+15%,All Soldiers ATK
{战阵精通},2142,1,4388,22,2132_1,50000,50000,50000,25000,38880,{所有士兵} {防御}_+1%,{所有士兵} {防御},0.01,22,Proficient In Battle Array,All Soldiers DEF_+1%,All Soldiers DEF
{战阵精通},2142,2,9512,22,2132_2,75000,75000,75000,37500,77760,{所有士兵} {防御}_+2%,{所有士兵} {防御},0.02,22,Proficient In Battle Array,All Soldiers DEF_+2%,All Soldiers DEF
{战阵精通},2142,3,18122,22,2132_3,113000,113000,113000,56500,154800,{所有士兵} {防御}_+3%,{所有士兵} {防御},0.03,22,Proficient In Battle Array,All Soldiers DEF_+3%,All Soldiers DEF
{战阵精通},2142,4,32115,22,2132_4,169000,169000,169000,84500,309600,{所有士兵} {防御}_+4%,{所有士兵} {防御},0.04,22,Proficient In Battle Array,All Soldiers DEF_+4%,All Soldiers DEF
{战阵精通},2142,5,53848,23,2132_5,253000,253000,253000,126500,622800,{所有士兵} {防御}_+5%,{所有士兵} {防御},0.05,22,Proficient In Battle Array,All Soldiers DEF_+5%,All Soldiers DEF
{战阵精通},2142,6,78051,23,2132_6,380000,380000,380000,190000,1245600,{所有士兵} {防御}_+7%,{所有士兵} {防御},0.07,22,Proficient In Battle Array,All Soldiers DEF_+7%,All Soldiers DEF
{战阵精通},2142,7,113211,23,2132_7,570000,570000,570000,285000,2487600,{所有士兵} {防御}_+9%,{所有士兵} {防御},0.09,22,Proficient In Battle Array,All Soldiers DEF_+9%,All Soldiers DEF
{战阵精通},2142,8,172477,23,2132_8,855000,855000,855000,427500,4975200,{所有士兵} {防御}_+11%,{所有士兵} {防御},0.11,22,Proficient In Battle Array,All Soldiers DEF_+11%,All Soldiers DEF
{战阵精通},2142,9,231743,23,2132_9,1282000,1282000,1282000,641000,7462800,{所有士兵} {防御}_+13%,{所有士兵} {防御},0.13,22,Proficient In Battle Array,All Soldiers DEF_+13%,All Soldiers DEF
{战阵精通},2142,10,291009,23,2132_10,1920000,1920000,1920000,960000,9950400,{所有士兵} {防御}_+15%,{所有士兵} {防御},0.15,22,Proficient In Battle Array,All Soldiers DEF_+15%,All Soldiers DEF
{5阶} {步兵},2151,1,320000,23,2141_8,3600000,3600000,3600000,1800000,9960000,{解锁}_{步兵}({5阶}),{解锁}_{步兵}({5阶}),0,0,T5 Infantry,Unlock_Infantry(T5),Unlock_Infantry(T5)
{5阶} {弓兵},2152,1,320000,23,2141_8,3600000,3600000,3600000,1800000,9960000,{解锁}_{弓兵}({5阶}),{解锁}_{弓兵}({5阶}),0,0,T5 Archer,Unlock_Archer(T5),Unlock_Archer(T5)
{5阶} {骑兵},2153,1,320000,23,2142_8,3600000,3600000,3600000,1800000,9960000,{解锁}_{骑兵}({5阶}),{解锁}_{骑兵}({5阶}),0,0,T5 Cavalry,Unlock_Cavalry(T5),Unlock_Cavalry(T5)
{5阶} {战车},2154,1,320000,23,2142_8,3600000,3600000,3600000,1800000,9960000,{解锁}_{战车}({5阶}),{解锁}_{战车}({5阶}),0,0,T5 Chariot,Unlock_Chariot(T5),Unlock_Chariot(T5)
{秘银} {头盔},2161,1,3026,24,2151_1,120000,120000,120000,60000,58320,{步兵} {生命}_+1%,{步兵} {生命},0.01,53,Mithril Helmets,Infantry HP_+1%,Infantry HP
{秘银} {头盔},2161,2,7944,24,0,180000,180000,180000,90000,116640,{步兵} {生命}_+2%,{步兵} {生命},0.02,53,Mithril Helmets,Infantry HP_+2%,Infantry HP
{秘银} {头盔},2161,3,15952,24,0,270000,270000,270000,135000,232200,{步兵} {生命}_+3%,{步兵} {生命},0.03,53,Mithril Helmets,Infantry HP_+3%,Infantry HP
{秘银} {头盔},2161,4,29238,24,0,405000,405000,405000,202500,464400,{步兵} {生命}_+4%,{步兵} {生命},0.04,53,Mithril Helmets,Infantry HP_+4%,Infantry HP
{秘银} {头盔},2161,5,46150,24,0,609000,609000,609000,304500,934200,{步兵} {生命}_+5%,{步兵} {生命},0.05,53,Mithril Helmets,Infantry HP_+5%,Infantry HP
{秘银} {头盔},2161,6,75506,24,0,912000,912000,912000,456000,1868400,{步兵} {生命}_+7%,{步兵} {生命},0.07,53,Mithril Helmets,Infantry HP_+7%,Infantry HP
{秘银} {头盔},2161,7,120938,24,0,1368000,1368000,1368000,684000,3731400,{步兵} {生命}_+9%,{步兵} {生命},0.09,53,Mithril Helmets,Infantry HP_+9%,Infantry HP
{秘银} {头盔},2161,8,166370,24,0,2052000,2052000,2052000,1026000,5594400,{步兵} {生命}_+11%,{步兵} {生命},0.11,53,Mithril Helmets,Infantry HP_+11%,Infantry HP
{秘银} {头盔},2161,9,211802,24,0,3075000,3075000,3075000,1537500,7457400,{步兵} {生命}_+14%,{步兵} {生命},0.14,53,Mithril Helmets,Infantry HP_+14%,Infantry HP
{秘银} {头盔},2161,10,257234,24,0,4600000,4600000,4600000,2300000,9320400,{步兵} {生命}_+20%,{步兵} {生命},0.2,53,Mithril Helmets,Infantry HP_+20%,Infantry HP
{秘银} {头盔},2162,1,3026,24,2152_1,120000,120000,120000,60000,58320,{弓兵} {生命}_+1%,{弓兵} {生命},0.01,54,Mithril Helmets,Archer HP_+1%,Archer HP
{秘银} {头盔},2162,2,7944,24,0,180000,180000,180000,90000,116640,{弓兵} {生命}_+2%,{弓兵} {生命},0.02,54,Mithril Helmets,Archer HP_+2%,Archer HP
{秘银} {头盔},2162,3,15952,24,0,270000,270000,270000,135000,232200,{弓兵} {生命}_+3%,{弓兵} {生命},0.03,54,Mithril Helmets,Archer HP_+3%,Archer HP
{秘银} {头盔},2162,4,29238,24,0,405000,405000,405000,202500,464400,{弓兵} {生命}_+4%,{弓兵} {生命},0.04,54,Mithril Helmets,Archer HP_+4%,Archer HP
{秘银} {头盔},2162,5,46150,24,0,609000,609000,609000,304500,934200,{弓兵} {生命}_+5%,{弓兵} {生命},0.05,54,Mithril Helmets,Archer HP_+5%,Archer HP
{秘银} {头盔},2162,6,75506,24,0,912000,912000,912000,456000,1868400,{弓兵} {生命}_+7%,{弓兵} {生命},0.07,54,Mithril Helmets,Archer HP_+7%,Archer HP
{秘银} {头盔},2162,7,120938,24,0,1368000,1368000,1368000,684000,3731400,{弓兵} {生命}_+9%,{弓兵} {生命},0.09,54,Mithril Helmets,Archer HP_+9%,Archer HP
{秘银} {头盔},2162,8,166370,24,0,2052000,2052000,2052000,1026000,5594400,{弓兵} {生命}_+11%,{弓兵} {生命},0.11,54,Mithril Helmets,Archer HP_+11%,Archer HP
{秘银} {头盔},2162,9,211802,24,0,3075000,3075000,3075000,1537500,7457400,{弓兵} {生命}_+14%,{弓兵} {生命},0.14,54,Mithril Helmets,Archer HP_+14%,Archer HP
{秘银} {头盔},2162,10,257234,24,0,4600000,4600000,4600000,2300000,9320400,{弓兵} {生命}_+20%,{弓兵} {生命},0.2,54,Mithril Helmets,Archer HP_+20%,Archer HP
{秘银} {头盔},2163,1,3026,24,2153_1,120000,120000,120000,60000,58320,{骑兵} {生命}_+1%,{骑兵} {生命},0.01,55,Mithril Helmets,Cavalry HP_+1%,Cavalry HP
{秘银} {头盔},2163,2,7944,24,0,180000,180000,180000,90000,116640,{骑兵} {生命}_+2%,{骑兵} {生命},0.02,55,Mithril Helmets,Cavalry HP_+2%,Cavalry HP
{秘银} {头盔},2163,3,15952,24,0,270000,270000,270000,135000,232200,{骑兵} {生命}_+3%,{骑兵} {生命},0.03,55,Mithril Helmets,Cavalry HP_+3%,Cavalry HP
{秘银} {头盔},2163,4,29238,24,0,405000,405000,405000,202500,464400,{骑兵} {生命}_+4%,{骑兵} {生命},0.04,55,Mithril Helmets,Cavalry HP_+4%,Cavalry HP
{秘银} {头盔},2163,5,46150,24,0,609000,609000,609000,304500,934200,{骑兵} {生命}_+5%,{骑兵} {生命},0.05,55,Mithril Helmets,Cavalry HP_+5%,Cavalry HP
{秘银} {头盔},2163,6,75506,24,0,912000,912000,912000,456000,1868400,{骑兵} {生命}_+7%,{骑兵} {生命},0.07,55,Mithril Helmets,Cavalry HP_+7%,Cavalry HP
{秘银} {头盔},2163,7,120938,24,0,1368000,1368000,1368000,684000,3731400,{骑兵} {生命}_+9%,{骑兵} {生命},0.09,55,Mithril Helmets,Cavalry HP_+9%,Cavalry HP
{秘银} {头盔},2163,8,166370,24,0,2052000,2052000,2052000,1026000,5594400,{骑兵} {生命}_+11%,{骑兵} {生命},0.11,55,Mithril Helmets,Cavalry HP_+11%,Cavalry HP
{秘银} {头盔},2163,9,211802,24,0,3075000,3075000,3075000,1537500,7457400,{骑兵} {生命}_+14%,{骑兵} {生命},0.14,55,Mithril Helmets,Cavalry HP_+14%,Cavalry HP
{秘银} {头盔},2163,10,257234,24,0,4600000,4600000,4600000,2300000,9320400,{骑兵} {生命}_+20%,{骑兵} {生命},0.2,55,Mithril Helmets,Cavalry HP_+20%,Cavalry HP
{秘银} {轴承},2164,1,3026,24,2154_1,120000,120000,120000,60000,58320,{战车} {生命}_+1%,{战车} {生命},0.01,56,Mithril Bearing,Chariot HP_+1%,Chariot HP
{秘银} {轴承},2164,2,7944,24,0,180000,180000,180000,90000,116640,{战车} {生命}_+2%,{战车} {生命},0.02,56,Mithril Bearing,Chariot HP_+2%,Chariot HP
{秘银} {轴承},2164,3,15952,24,0,270000,270000,270000,135000,232200,{战车} {生命}_+3%,{战车} {生命},0.03,56,Mithril Bearing,Chariot HP_+3%,Chariot HP
{秘银} {轴承},2164,4,29238,24,0,405000,405000,405000,202500,464400,{战车} {生命}_+4%,{战车} {生命},0.04,56,Mithril Bearing,Chariot HP_+4%,Chariot HP
{秘银} {轴承},2164,5,46150,24,0,609000,609000,609000,304500,934200,{战车} {生命}_+5%,{战车} {生命},0.05,56,Mithril Bearing,Chariot HP_+5%,Chariot HP
{秘银} {轴承},2164,6,75506,24,0,912000,912000,912000,456000,1868400,{战车} {生命}_+7%,{战车} {生命},0.07,56,Mithril Bearing,Chariot HP_+7%,Chariot HP
{秘银} {轴承},2164,7,120938,24,0,1368000,1368000,1368000,684000,3731400,{战车} {生命}_+9%,{战车} {生命},0.09,56,Mithril Bearing,Chariot HP_+9%,Chariot HP
{秘银} {轴承},2164,8,166370,24,0,2052000,2052000,2052000,1026000,5594400,{战车} {生命}_+11%,{战车} {生命},0.11,56,Mithril Bearing,Chariot HP_+11%,Chariot HP
{秘银} {轴承},2164,9,211802,24,0,3075000,3075000,3075000,1537500,7457400,{战车} {生命}_+14%,{战车} {生命},0.14,56,Mithril Bearing,Chariot HP_+14%,Chariot HP
{秘银} {轴承},2164,10,257234,24,0,4600000,4600000,4600000,2300000,9320400,{战车} {生命}_+20%,{战车} {生命},0.2,56,Mithril Bearing,Chariot HP_+20%,Chariot HP
{秘银} {武器},2171,1,3026,24,2161_1,120000,120000,120000,60000,58320,{步兵} {破坏}_+1%,{步兵} {破坏},0.01,49,Mithril Weapons,Infantry DES_+1%,Infantry DES
{秘银} {武器},2171,2,7944,24,0,180000,180000,180000,90000,116640,{步兵} {破坏}_+2%,{步兵} {破坏},0.02,49,Mithril Weapons,Infantry DES_+2%,Infantry DES
{秘银} {武器},2171,3,15952,24,0,270000,270000,270000,135000,232200,{步兵} {破坏}_+3%,{步兵} {破坏},0.03,49,Mithril Weapons,Infantry DES_+3%,Infantry DES
{秘银} {武器},2171,4,29238,24,0,405000,405000,405000,202500,464400,{步兵} {破坏}_+4%,{步兵} {破坏},0.04,49,Mithril Weapons,Infantry DES_+4%,Infantry DES
{秘银} {武器},2171,5,46150,25,2161_5,609000,609000,609000,304500,934200,{步兵} {破坏}_+5%,{步兵} {破坏},0.05,49,Mithril Weapons,Infantry DES_+5%,Infantry DES
{秘银} {武器},2171,6,75506,25,0,912000,912000,912000,456000,1868400,{步兵} {破坏}_+7%,{步兵} {破坏},0.07,49,Mithril Weapons,Infantry DES_+7%,Infantry DES
{秘银} {武器},2171,7,120938,25,0,1368000,1368000,1368000,684000,3731400,{步兵} {破坏}_+9%,{步兵} {破坏},0.09,49,Mithril Weapons,Infantry DES_+9%,Infantry DES
{秘银} {武器},2171,8,166370,25,0,2052000,2052000,2052000,1026000,5594400,{步兵} {破坏}_+11%,{步兵} {破坏},0.11,49,Mithril Weapons,Infantry DES_+11%,Infantry DES
{秘银} {武器},2171,9,211802,25,0,3075000,3075000,3075000,1537500,7457400,{步兵} {破坏}_+14%,{步兵} {破坏},0.14,49,Mithril Weapons,Infantry DES_+14%,Infantry DES
{秘银} {武器},2171,10,257234,25,2161_10,4600000,4600000,4600000,2300000,9320400,{步兵} {破坏}_+20%,{步兵} {破坏},0.2,49,Mithril Weapons,Infantry DES_+20%,Infantry DES
{秘银} {武器},2172,1,3026,24,2162_1,120000,120000,120000,60000,58320,{弓兵} {破坏}_+1%,{弓兵} {破坏},0.01,50,Mithril Weapons,Archer DES_+1%,Archer DES
{秘银} {武器},2172,2,7944,24,0,180000,180000,180000,90000,116640,{弓兵} {破坏}_+2%,{弓兵} {破坏},0.02,50,Mithril Weapons,Archer DES_+2%,Archer DES
{秘银} {武器},2172,3,15952,24,0,270000,270000,270000,135000,232200,{弓兵} {破坏}_+3%,{弓兵} {破坏},0.03,50,Mithril Weapons,Archer DES_+3%,Archer DES
{秘银} {武器},2172,4,29238,24,0,405000,405000,405000,202500,464400,{弓兵} {破坏}_+4%,{弓兵} {破坏},0.04,50,Mithril Weapons,Archer DES_+4%,Archer DES
{秘银} {武器},2172,5,46150,25,2162_5,609000,609000,609000,304500,934200,{弓兵} {破坏}_+5%,{弓兵} {破坏},0.05,50,Mithril Weapons,Archer DES_+5%,Archer DES
{秘银} {武器},2172,6,75506,25,0,912000,912000,912000,456000,1868400,{弓兵} {破坏}_+7%,{弓兵} {破坏},0.07,50,Mithril Weapons,Archer DES_+7%,Archer DES
{秘银} {武器},2172,7,120938,25,0,1368000,1368000,1368000,684000,3731400,{弓兵} {破坏}_+9%,{弓兵} {破坏},0.09,50,Mithril Weapons,Archer DES_+9%,Archer DES
{秘银} {武器},2172,8,166370,25,0,2052000,2052000,2052000,1026000,5594400,{弓兵} {破坏}_+11%,{弓兵} {破坏},0.11,50,Mithril Weapons,Archer DES_+11%,Archer DES
{秘银} {武器},2172,9,211802,25,0,3075000,3075000,3075000,1537500,7457400,{弓兵} {破坏}_+14%,{弓兵} {破坏},0.14,50,Mithril Weapons,Archer DES_+14%,Archer DES
{秘银} {武器},2172,10,257234,25,2162_10,4600000,4600000,4600000,2300000,9320400,{弓兵} {破坏}_+20%,{弓兵} {破坏},0.2,50,Mithril Weapons,Archer DES_+20%,Archer DES
{秘银} {武器},2173,1,3026,24,2163_1,120000,120000,120000,60000,58320,{骑兵} {破坏}_+1%,{骑兵} {破坏},0.01,51,Mithril Weapons,Cavalry DES_+1%,Cavalry DES
{秘银} {武器},2173,2,7944,24,0,180000,180000,180000,90000,116640,{骑兵} {破坏}_+2%,{骑兵} {破坏},0.02,51,Mithril Weapons,Cavalry DES_+2%,Cavalry DES
{秘银} {武器},2173,3,15952,24,0,270000,270000,270000,135000,232200,{骑兵} {破坏}_+3%,{骑兵} {破坏},0.03,51,Mithril Weapons,Cavalry DES_+3%,Cavalry DES
{秘银} {武器},2173,4,29238,24,0,405000,405000,405000,202500,464400,{骑兵} {破坏}_+4%,{骑兵} {破坏},0.04,51,Mithril Weapons,Cavalry DES_+4%,Cavalry DES
{秘银} {武器},2173,5,46150,25,2163_5,609000,609000,609000,304500,934200,{骑兵} {破坏}_+5%,{骑兵} {破坏},0.05,51,Mithril Weapons,Cavalry DES_+5%,Cavalry DES
{秘银} {武器},2173,6,75506,25,0,912000,912000,912000,456000,1868400,{骑兵} {破坏}_+7%,{骑兵} {破坏},0.07,51,Mithril Weapons,Cavalry DES_+7%,Cavalry DES
{秘银} {武器},2173,7,120938,25,0,1368000,1368000,1368000,684000,3731400,{骑兵} {破坏}_+9%,{骑兵} {破坏},0.09,51,Mithril Weapons,Cavalry DES_+9%,Cavalry DES
{秘银} {武器},2173,8,166370,25,0,2052000,2052000,2052000,1026000,5594400,{骑兵} {破坏}_+11%,{骑兵} {破坏},0.11,51,Mithril Weapons,Cavalry DES_+11%,Cavalry DES
{秘银} {武器},2173,9,211802,25,0,3075000,3075000,3075000,1537500,7457400,{骑兵} {破坏}_+14%,{骑兵} {破坏},0.14,51,Mithril Weapons,Cavalry DES_+14%,Cavalry DES
{秘银} {武器},2173,10,257234,25,2163_10,4600000,4600000,4600000,2300000,9320400,{骑兵} {破坏}_+20%,{骑兵} {破坏},0.2,51,Mithril Weapons,Cavalry DES_+20%,Cavalry DES
{秘银} {炮},2174,1,3026,24,2164_1,120000,120000,120000,60000,58320,{战车} {破坏}_+1%,{战车} {破坏},0.01,52,Mithril Cannon,Chariot DES_+1%,Chariot DES
{秘银} {炮},2174,2,7944,24,0,180000,180000,180000,90000,116640,{战车} {破坏}_+2%,{战车} {破坏},0.02,52,Mithril Cannon,Chariot DES_+2%,Chariot DES
{秘银} {炮},2174,3,15952,24,0,270000,270000,270000,135000,232200,{战车} {破坏}_+3%,{战车} {破坏},0.03,52,Mithril Cannon,Chariot DES_+3%,Chariot DES
{秘银} {炮},2174,4,29238,24,0,405000,405000,405000,202500,464400,{战车} {破坏}_+4%,{战车} {破坏},0.04,52,Mithril Cannon,Chariot DES_+4%,Chariot DES
{秘银} {炮},2174,5,46150,25,2164_5,609000,609000,609000,304500,934200,{战车} {破坏}_+5%,{战车} {破坏},0.05,52,Mithril Cannon,Chariot DES_+5%,Chariot DES
{秘银} {炮},2174,6,75506,25,0,912000,912000,912000,456000,1868400,{战车} {破坏}_+7%,{战车} {破坏},0.07,52,Mithril Cannon,Chariot DES_+7%,Chariot DES
{秘银} {炮},2174,7,120938,25,0,1368000,1368000,1368000,684000,3731400,{战车} {破坏}_+9%,{战车} {破坏},0.09,52,Mithril Cannon,Chariot DES_+9%,Chariot DES
{秘银} {炮},2174,8,166370,25,0,2052000,2052000,2052000,1026000,5594400,{战车} {破坏}_+11%,{战车} {破坏},0.11,52,Mithril Cannon,Chariot DES_+11%,Chariot DES
{秘银} {炮},2174,9,211802,25,0,3075000,3075000,3075000,1537500,7457400,{战车} {破坏}_+14%,{战车} {破坏},0.14,52,Mithril Cannon,Chariot DES_+14%,Chariot DES
{秘银} {炮},2174,10,257234,25,2164_10,4600000,4600000,4600000,2300000,9320400,{战车} {破坏}_+20%,{战车} {破坏},0.2,52,Mithril Cannon,Chariot DES_+20%,Chariot DES
{6阶} {步兵},2181,1,540000,25,2171_10,7200000,7200000,7200000,3600000,30000000,{解锁}_{步兵}({6阶}),{解锁}_{步兵}({6阶}),0,0,T6 Infantry,Unlock_Infantry(T6),Unlock_Infantry(T6)
{6阶} {弓兵},2182,1,540000,25,2172_10,7200000,7200000,7200000,3600000,30000000,{解锁}_{弓兵}({6阶}),{解锁}_{弓兵}({6阶}),0,0,T6 Archer,Unlock_Archer(T6),Unlock_Archer(T6)
{6阶} {骑兵},2183,1,540000,25,2173_10,7200000,7200000,7200000,3600000,30000000,{解锁}_{骑兵}({6阶}),{解锁}_{骑兵}({6阶}),0,0,T6 Cavalry,Unlock_Cavalry(T6),Unlock_Cavalry(T6)
{6阶} {战车},2184,1,540000,25,2174_10,7200000,7200000,7200000,3600000,30000000,{解锁}_{战车}({6阶}),{解锁}_{战车}({6阶}),0,0,T6 Chariot,Unlock_Chariot(T6),Unlock_Chariot(T6)
{疾风},2191,1,3026,25,2181_1+2182_1+2183_1+2184_1,120000,120000,120000,60000,58320,{所有士兵} {行军速度}_+1%,{所有士兵} {行军速度},0.01,30,Gale,All Soldiers March Spd_+1%,All Soldiers March Spd
{疾风},2191,2,7944,25,0,180000,180000,180000,90000,116640,{所有士兵} {行军速度}_+2%,{所有士兵} {行军速度},0.02,30,Gale,All Soldiers March Spd_+2%,All Soldiers March Spd
{疾风},2191,3,15952,25,0,270000,270000,270000,135000,232200,{所有士兵} {行军速度}_+3%,{所有士兵} {行军速度},0.03,30,Gale,All Soldiers March Spd_+3%,All Soldiers March Spd
{疾风},2191,4,29238,25,0,405000,405000,405000,202500,464400,{所有士兵} {行军速度}_+4%,{所有士兵} {行军速度},0.04,30,Gale,All Soldiers March Spd_+4%,All Soldiers March Spd
{疾风},2191,5,46150,25,0,609000,609000,609000,304500,934200,{所有士兵} {行军速度}_+5%,{所有士兵} {行军速度},0.05,30,Gale,All Soldiers March Spd_+5%,All Soldiers March Spd
{疾风},2191,6,75506,25,0,912000,912000,912000,456000,1868400,{所有士兵} {行军速度}_+7%,{所有士兵} {行军速度},0.07,30,Gale,All Soldiers March Spd_+7%,All Soldiers March Spd
{疾风},2191,7,120938,25,0,1368000,1368000,1368000,684000,3731400,{所有士兵} {行军速度}_+9%,{所有士兵} {行军速度},0.09,30,Gale,All Soldiers March Spd_+9%,All Soldiers March Spd
{疾风},2191,8,166370,25,0,2052000,2052000,2052000,1026000,5594400,{所有士兵} {行军速度}_+11%,{所有士兵} {行军速度},0.11,30,Gale,All Soldiers March Spd_+11%,All Soldiers March Spd
{疾风},2191,9,211802,25,0,3075000,3075000,3075000,1537500,7457400,{所有士兵} {行军速度}_+14%,{所有士兵} {行军速度},0.14,30,Gale,All Soldiers March Spd_+14%,All Soldiers March Spd
{疾风},2191,10,257234,25,0,4600000,4600000,4600000,2300000,9320400,{所有士兵} {行军速度}_+20%,{所有士兵} {行军速度},0.2,30,Gale,All Soldiers March Spd_+20%,All Soldiers March Spd
